,player_name,game_date,pts,ast,oreb,dreb,stl,blk,tov,fgm,fga,tpm
0,肖恩-利文斯顿,2016-02-23,4,1,0,1,0,2,2,2,2,0
1,肖恩-利文斯顿,2016-03-02,6,3,2,4,2,0,0,3,9,0
2,肖恩-利文斯顿,2015-12-12,12,3,3,0,0,2,1,5,9,0
3,肖恩-利文斯顿,2016-04-02,8,2,0,2,0,1,3,3,4,0
4,肖恩-利文斯顿,2015-10-28,6,2,0,4,0,1,0,3,6,0
5,肖恩-利文斯顿,2015-11-01,2,3,0,1,2,0,2,0,3,0
6,肖恩-利文斯顿,2016-03-15,4,4,0,1,0,0,1,1,2,0
7,肖恩-利文斯顿,2015-11-21,6,1,0,3,0,0,1,3,3,0
8,肖恩-利文斯顿,2016-01-21,12,5,0,0,2,0,1,6,8,0
9,肖恩-利文斯顿,2015-12-03,6,7,0,3,0,0,0,3,5,0
10,肖恩-利文斯顿,2016-01-05,0,1,0,0,0,0,0,0,2,0
11,肖恩-利文斯顿,2015-12-26,16,2,1,2,1,0,4,8,9,0
12,肖恩-利文斯顿,2016-01-19,4,4,0,1,1,0,0,2,2,0
13,肖恩-利文斯顿,2016-06-03,20,3,1,3,1,0,0,8,10,0
14,肖恩-利文斯顿,2016-06-06,7,5,0,2,0,1,1,3,4,0
15,肖恩-利文斯顿,2016-06-09,5,3,1,5,0,1,3,2,3,0
16,肖恩-利文斯顿,2016-06-11,8,1,1,2,0,0,0,3,8,0
17,肖恩-利文斯顿,2016-06-14,7,3,1,3,1,0,3,3,7,0
18,肖恩-利文斯顿,2016-06-17,3,3,0,4,0,0,1,1,6,0
19,肖恩-利文斯顿,2016-06-20,8,2,1,0,0,0,1,3,7,0
20,肖恩-利文斯顿,2015-12-31,8,4,1,0,0,0,0,3,7,0
21,肖恩-利文斯顿,2016-01-28,8,2,1,1,1,0,0,4,5,0
22,肖恩-利文斯顿,2016-03-19,2,5,1,1,2,0,0,1,5,0
23,肖恩-利文斯顿,2016-03-26,6,4,0,2,0,1,1,3,6,0
25,肖恩-利文斯顿,2015-11-07,2,2,2,2,0,1,3,1,2,0
26,肖恩-利文斯顿,2015-11-23,4,3,0,3,2,0,2,2,7,0
27,肖恩-利文斯顿,2016-01-03,8,3,0,0,0,2,1,3,5,0
28,肖恩-利文斯顿,2016-01-14,0,3,0,2,0,0,0,0,1,0
29,肖恩-利文斯顿,2015-11-10,4,2,1,1,1,0,1,2,4,0
30,肖恩-利文斯顿,2016-01-17,5,0,1,1,1,0,1,2,7,0
36,肖恩-利文斯顿,2015-10-31,4,0,0,1,0,0,0,0,3,0
37,肖恩-利文斯顿,2015-11-03,4,2,0,2,0,1,0,2,2,0
38,肖恩-利文斯顿,2015-11-05,4,3,1,2,0,0,2,2,5,0
39,肖恩-利文斯顿,2015-11-08,6,3,0,1,1,0,1,3,5,0
40,肖恩-利文斯顿,2015-11-12,6,2,0,0,1,0,0,3,3,0
41,肖恩-利文斯顿,2015-11-13,8,3,1,0,0,0,0,3,5,0
42,肖恩-利文斯顿,2015-11-15,6,2,1,0,0,0,0,3,8,0
43,肖恩-利文斯顿,2015-11-25,6,3,1,0,0,0,1,3,4,0
44,肖恩-利文斯顿,2015-11-28,4,3,0,2,0,0,0,0,2,0
45,肖恩-利文斯顿,2015-11-29,7,3,1,1,0,0,0,3,5,0
46,肖恩-利文斯顿,2015-12-01,9,0,0,3,0,0,2,3,7,1
47,肖恩-利文斯顿,2015-12-06,4,1,2,0,0,1,1,2,4,0
48,肖恩-利文斯顿,2015-12-07,4,4,2,0,1,0,1,2,6,0
49,肖恩-利文斯顿,2015-12-09,8,0,0,2,0,0,0,3,3,0
50,肖恩-利文斯顿,2015-12-13,4,2,1,0,2,0,0,2,6,0
51,肖恩-利文斯顿,2015-12-17,2,4,0,2,1,1,1,0,3,0
52,肖恩-利文斯顿,2015-12-19,4,5,0,2,0,0,0,2,6,0
53,肖恩-利文斯顿,2015-12-24,9,4,0,1,0,1,0,4,8,0
54,肖恩-利文斯顿,2015-12-29,8,3,2,2,2,0,1,4,9,0
55,肖恩-利文斯顿,2016-01-01,13,7,2,2,2,0,3,6,12,0
56,肖恩-利文斯顿,2016-01-09,5,3,0,1,1,0,0,2,7,0
57,肖恩-利文斯顿,2016-01-10,6,4,0,3,0,1,1,3,3,0
58,肖恩-利文斯顿,2016-01-12,2,6,2,2,0,0,1,1,3,0
59,肖恩-利文斯顿,2016-01-15,17,4,1,0,0,0,1,6,8,0
60,肖恩-利文斯顿,2016-01-23,6,2,0,1,1,0,1,2,4,0
61,肖恩-利文斯顿,2016-01-26,13,2,0,2,2,0,3,6,6,0
62,肖恩-利文斯顿,2016-01-31,4,4,0,1,0,0,1,2,4,0
63,肖恩-利文斯顿,2016-02-01,11,3,0,0,2,0,1,4,4,1
64,肖恩-利文斯顿,2016-02-04,9,6,0,2,2,0,3,4,5,0
65,肖恩-利文斯顿,2016-02-07,10,2,0,1,1,0,0,4,7,0
66,肖恩-利文斯顿,2016-02-10,4,2,0,2,1,0,1,1,2,0
67,肖恩-利文斯顿,2016-02-11,8,2,0,3,1,0,2,2,4,0
68,肖恩-利文斯顿,2016-02-20,0,1,0,1,0,0,2,0,2,0
69,肖恩-利文斯顿,2016-02-21,2,1,0,3,0,1,1,1,2,0
70,肖恩-利文斯顿,2016-02-25,4,4,0,1,0,0,1,2,7,0
71,肖恩-利文斯顿,2016-02-26,4,1,0,4,1,0,1,1,4,0
72,肖恩-利文斯顿,2016-02-28,7,2,0,3,1,0,1,3,5,0
73,肖恩-利文斯顿,2016-03-04,11,8,0,2,3,0,0,3,6,0
74,肖恩-利文斯顿,2016-03-07,8,3,3,0,0,0,2,3,3,0
75,肖恩-利文斯顿,2016-03-08,9,2,0,2,1,1,2,3,6,0
76,肖恩-利文斯顿,2016-03-10,4,4,1,0,1,1,1,2,3,0
77,肖恩-利文斯顿,2016-03-12,3,0,1,0,0,2,1,1,2,0
78,肖恩-利文斯顿,2016-03-13,7,6,0,3,1,1,0,3,4,0
79,肖恩-利文斯顿,2016-03-17,2,4,1,3,0,0,0,1,2,0
80,肖恩-利文斯顿,2016-03-20,2,3,1,4,4,1,0,1,3,0
81,肖恩-利文斯顿,2016-03-22,8,4,0,2,3,2,0,4,6,0
82,肖恩-利文斯顿,2016-03-24,11,3,3,2,1,0,2,3,6,0
83,肖恩-利文斯顿,2016-03-30,8,2,1,3,0,0,1,4,7,0
84,肖恩-利文斯顿,2016-03-31,6,4,1,5,2,1,2,2,6,0
85,肖恩-利文斯顿,2016-04-04,8,4,0,3,0,0,3,4,5,0
86,肖恩-利文斯顿,2016-04-06,14,1,0,3,1,0,2,6,6,0
87,肖恩-利文斯顿,2016-04-08,6,5,0,1,1,0,0,3,5,0
88,肖恩-利文斯顿,2016-04-10,6,2,0,2,0,1,0,2,4,0
89,肖恩-利文斯顿,2016-04-11,4,4,0,2,0,1,2,2,5,0
90,肖恩-利文斯顿,2016-04-14,6,10,0,3,1,0,2,2,4,0
91,肖恩-利文斯顿,2016-04-17,9,3,0,3,1,1,1,3,8,0
92,肖恩-利文斯顿,2016-04-19,16,6,1,1,2,0,2,7,9,0
93,肖恩-利文斯顿,2016-04-22,16,3,1,4,3,0,1,6,13,0
94,肖恩-利文斯顿,2016-04-25,9,9,0,5,0,0,1,4,8,0
95,肖恩-利文斯顿,2016-04-28,16,3,0,3,0,0,1,7,8,0
96,肖恩-利文斯顿,2016-05-02,12,6,0,4,0,0,1,4,9,0
97,肖恩-利文斯顿,2016-05-04,14,4,1,3,1,1,1,6,15,0
98,肖恩-利文斯顿,2016-05-08,5,10,1,2,0,0,2,2,4,0
99,肖恩-利文斯顿,2016-05-10,4,1,0,3,1,0,2,2,5,0
100,肖恩-利文斯顿,2016-05-12,10,1,1,1,1,0,4,5,8,0
101,肖恩-利文斯顿,2016-05-17,4,1,1,2,0,0,1,2,7,0
102,肖恩-利文斯顿,2016-05-19,2,3,1,3,0,0,0,1,3,0
103,肖恩-利文斯顿,2016-05-23,6,3,1,0,1,0,0,3,6,0
104,肖恩-利文斯顿,2016-05-25,4,2,0,2,0,0,1,2,6,0
105,肖恩-利文斯顿,2016-05-27,6,2,0,1,0,0,1,3,6,0
106,肖恩-利文斯顿,2016-05-29,0,2,0,1,0,0,1,0,4,0
107,肖恩-利文斯顿,2016-05-31,5,1,0,6,0,1,0,2,4,0
108,安德烈-伊格达拉,2016-02-23,7,2,0,3,2,0,0,3,12,0
109,安德烈-伊格达拉,2015-12-12,13,5,3,7,2,0,2,5,12,1
110,安德烈-伊格达拉,2015-10-28,2,3,1,4,1,0,1,1,3,0
111,安德烈-伊格达拉,2015-11-01,8,3,1,6,1,0,0,3,6,1
112,安德烈-伊格达拉,2015-11-21,12,1,0,5,1,0,1,5,9,1
113,安德烈-伊格达拉,2016-01-21,10,3,0,7,0,1,3,4,7,2
114,安德烈-伊格达拉,2015-12-03,8,3,3,0,1,1,0,3,6,2
115,安德烈-伊格达拉,2016-01-05,0,4,0,3,0,1,1,0,3,0
116,安德烈-伊格达拉,2015-12-26,7,3,0,2,1,1,0,1,6,1
117,安德烈-伊格达拉,2016-01-19,20,5,1,2,0,0,1,7,8,4
118,安德烈-伊格达拉,2016-06-03,12,6,3,4,1,1,0,5,9,2
119,安德烈-伊格达拉,2016-06-06,7,3,3,2,0,1,2,3,6,0
120,安德烈-伊格达拉,2016-06-09,11,0,0,2,0,0,1,5,7,1
121,安德烈-伊格达拉,2016-06-11,10,7,2,4,1,1,1,4,12,2
122,安德烈-伊格达拉,2016-06-14,15,6,4,7,2,0,3,6,13,1
123,安德烈-伊格达拉,2016-06-17,5,3,2,2,0,0,1,2,5,1
124,安德烈-伊格达拉,2016-06-20,4,4,2,7,2,2,0,2,6,0
125,安德烈-伊格达拉,2015-12-31,12,3,0,1,2,0,0,4,7,1
126,安德烈-伊格达拉,2016-01-28,6,6,1,3,0,0,0,2,6,0
128,安德烈-伊格达拉,2015-11-07,2,7,0,2,2,1,0,1,3,0
129,安德烈-伊格达拉,2015-11-23,12,4,0,3,4,1,1,5,6,2
130,安德烈-伊格达拉,2016-01-03,9,6,0,3,1,0,0,4,8,1
131,安德烈-伊格达拉,2016-01-14,4,4,0,6,1,2,0,2,5,0
132,安德烈-伊格达拉,2015-11-10,13,2,1,4,1,0,2,5,11,1
133,安德烈-伊格达拉,2016-01-17,0,1,0,5,1,0,1,0,3,0
139,安德烈-伊格达拉,2015-10-31,12,4,3,3,2,0,0,5,9,2
140,安德烈-伊格达拉,2015-11-03,6,4,1,2,2,1,2,3,8,0
141,安德烈-伊格达拉,2015-11-05,6,5,1,4,1,0,1,2,7,0
142,安德烈-伊格达拉,2015-11-08,14,4,2,4,4,0,1,6,8,2
143,安德烈-伊格达拉,2015-11-12,20,0,1,0,0,0,1,6,9,4
144,安德烈-伊格达拉,2015-11-13,3,6,0,4,1,0,0,1,6,1
145,安德烈-伊格达拉,2015-11-15,15,6,1,5,2,0,3,6,12,3
146,安德烈-伊格达拉,2015-11-18,7,7,3,0,0,0,1,3,3,1
147,安德烈-伊格达拉,2015-11-20,8,7,1,3,0,0,3,3,4,2
148,安德烈-伊格达拉,2015-11-25,6,4,1,8,1,0,0,3,4,0
149,安德烈-伊格达拉,2015-11-28,9,2,2,3,0,0,2,4,6,1
150,安德烈-伊格达拉,2015-11-29,9,1,1,2,0,1,3,3,4,3
151,安德烈-伊格达拉,2015-12-01,0,2,0,2,0,1,1,0,0,0
152,安德烈-伊格达拉,2015-12-06,0,2,1,5,1,1,0,0,2,0
153,安德烈-伊格达拉,2015-12-07,4,3,2,7,4,0,1,2,8,0
154,安德烈-伊格达拉,2015-12-09,6,5,0,3,5,1,0,3,4,0
155,安德烈-伊格达拉,2015-12-13,2,5,1,8,2,0,1,1,9,0
156,安德烈-伊格达拉,2015-12-17,5,0,1,4,1,0,1,2,4,0
157,安德烈-伊格达拉,2015-12-19,3,2,0,0,0,0,1,1,5,1
158,安德烈-伊格达拉,2015-12-24,9,0,0,1,2,0,3,3,5,1
159,安德烈-伊格达拉,2015-12-29,0,6,2,4,2,0,2,0,2,0
160,安德烈-伊格达拉,2016-01-01,20,4,3,0,1,1,2,6,7,2
161,安德烈-伊格达拉,2016-01-06,4,1,0,1,2,0,0,2,3,0
162,安德烈-伊格达拉,2016-01-09,2,3,1,3,0,0,3,0,1,0
163,安德烈-伊格达拉,2016-01-10,13,4,0,2,0,1,2,6,10,1
164,安德烈-伊格达拉,2016-01-12,9,1,0,5,0,0,0,3,4,1
165,安德烈-伊格达拉,2016-01-15,0,4,1,2,3,1,3,0,3,0
166,安德烈-伊格达拉,2016-01-23,10,1,1,3,1,0,4,4,8,1
167,安德烈-伊格达拉,2016-01-26,5,5,1,4,1,0,2,2,4,0
168,安德烈-伊格达拉,2016-02-01,8,4,0,4,0,0,2,2,2,1
169,安德烈-伊格达拉,2016-02-04,9,3,2,4,1,0,1,3,7,2
170,安德烈-伊格达拉,2016-02-07,8,2,1,2,2,1,2,4,6,0
171,安德烈-伊格达拉,2016-02-10,12,6,1,5,0,0,1,4,8,2
172,安德烈-伊格达拉,2016-02-11,2,3,0,2,0,0,1,1,5,0
173,安德烈-伊格达拉,2016-02-20,2,4,0,2,1,1,4,1,6,0
174,安德烈-伊格达拉,2016-02-21,10,5,1,3,1,0,3,4,9,1
175,安德烈-伊格达拉,2016-02-25,7,3,0,0,0,0,0,3,5,1
176,安德烈-伊格达拉,2016-02-26,2,7,0,4,1,0,0,1,2,0
177,安德烈-伊格达拉,2016-02-28,12,0,1,5,2,0,1,5,8,0
178,安德烈-伊格达拉,2016-03-04,2,1,0,1,1,0,0,1,3,0
179,安德烈-伊格达拉,2016-03-10,4,3,0,4,1,0,1,2,3,0
180,安德烈-伊格达拉,2016-03-12,8,2,1,1,0,0,0,2,3,2
181,安德烈-伊格达拉,2016-04-06,4,2,0,1,0,0,3,2,4,0
182,安德烈-伊格达拉,2016-04-08,4,1,0,2,2,0,1,2,4,0
183,安德烈-伊格达拉,2016-04-10,5,0,1,4,0,0,1,2,4,1
184,安德烈-伊格达拉,2016-04-11,3,3,1,6,1,1,0,1,5,1
185,安德烈-伊格达拉,2016-04-14,3,7,1,3,1,0,2,1,4,0
186,安德烈-伊格达拉,2016-04-17,2,7,0,1,0,0,2,1,6,0
187,安德烈-伊格达拉,2016-04-19,18,3,0,3,2,1,1,7,10,4
188,安德烈-伊格达拉,2016-04-22,7,3,2,2,0,1,0,2,5,1
189,安德烈-伊格达拉,2016-04-25,22,4,2,3,1,0,1,9,11,3
190,安德烈-伊格达拉,2016-04-28,6,6,0,2,2,0,0,1,3,0
191,安德烈-伊格达拉,2016-05-02,6,3,1,3,0,0,1,1,3,0
192,安德烈-伊格达拉,2016-05-04,15,4,2,3,2,0,0,6,9,1
193,安德烈-伊格达拉,2016-05-08,1,4,1,3,0,1,1,0,5,0
194,安德烈-伊格达拉,2016-05-10,7,1,2,1,1,0,2,2,5,1
195,安德烈-伊格达拉,2016-05-12,5,3,1,3,1,1,1,1,4,1
196,安德烈-伊格达拉,2016-05-17,6,4,1,4,3,0,1,2,4,0
197,安德烈-伊格达拉,2016-05-19,14,1,1,2,3,0,0,4,10,1
198,安德烈-伊格达拉,2016-05-23,9,3,2,2,2,0,1,3,5,2
199,安德烈-伊格达拉,2016-05-25,8,3,1,1,2,0,1,3,8,2
200,安德烈-伊格达拉,2016-05-27,8,8,0,1,1,1,1,3,5,1
201,安德烈-伊格达拉,2016-05-29,8,1,3,4,3,0,1,3,6,0
202,安德烈-伊格达拉,2016-05-31,7,3,0,4,0,0,1,3,7,1
203,安德鲁-博古特,2016-02-23,3,4,3,8,1,5,1,1,4,0
204,安德鲁-博古特,2016-03-02,19,2,3,4,2,1,0,8,9,0
205,安德鲁-博古特,2015-12-12,2,1,1,8,0,3,1,1,5,0
206,安德鲁-博古特,2016-04-02,4,2,1,3,0,1,2,2,3,0
207,安德鲁-博古特,2015-10-28,12,5,1,4,0,2,0,6,6,0
208,安德鲁-博古特,2016-03-15,5,3,0,4,0,1,2,2,3,1
209,安德鲁-博古特,2015-11-21,3,2,2,2,1,3,1,1,2,0
210,安德鲁-博古特,2016-01-21,6,2,6,6,1,3,1,3,3,0
211,安德鲁-博古特,2015-12-03,4,2,3,8,0,1,0,2,2,0
212,安德鲁-博古特,2016-01-05,2,3,0,6,0,2,2,1,2,0
213,安德鲁-博古特,2015-12-26,4,1,3,4,0,4,0,2,2,0
214,安德鲁-博古特,2016-01-19,4,0,0,6,0,0,0,2,4,0
215,安德鲁-博古特,2016-06-03,10,2,2,1,0,0,0,5,7,0
216,安德鲁-博古特,2016-06-06,2,0,3,3,2,5,2,1,4,0
217,安德鲁-博古特,2016-06-09,4,0,2,0,0,1,1,2,6,0
218,安德鲁-博古特,2016-06-11,0,1,1,0,0,1,0,0,0,0
219,安德鲁-博古特,2016-06-14,0,0,1,2,0,3,2,0,0,0
220,安德鲁-博古特,2015-12-31,9,1,2,8,1,0,1,4,4,0
221,安德鲁-博古特,2016-01-28,4,3,1,8,0,0,1,2,5,0
222,安德鲁-博古特,2016-03-19,2,0,0,2,0,0,1,0,1,0
223,安德鲁-博古特,2016-03-26,4,2,1,1,0,1,1,2,2,0
225,安德鲁-博古特,2015-11-23,8,2,1,5,1,3,3,4,5,0
226,安德鲁-博古特,2016-01-03,2,1,2,5,0,2,1,1,3,0
227,安德鲁-博古特,2016-01-14,15,2,0,7,1,3,2,7,8,0
228,安德鲁-博古特,2015-11-10,8,2,5,4,0,0,1,4,7,0
229,安德鲁-博古特,2016-01-17,6,0,3,3,0,2,2,3,5,0
233,安德鲁-博古特,2015-11-12,3,1,0,7,0,0,3,1,3,0
234,安德鲁-博古特,2015-11-13,4,2,2,4,1,3,1,2,3,0
235,安德鲁-博古特,2015-11-15,10,4,5,13,2,3,2,5,7,0
236,安德鲁-博古特,2015-11-18,13,2,2,4,1,1,2,5,6,0
237,安德鲁-博古特,2015-11-20,2,2,0,1,0,0,0,1,3,0
238,安德鲁-博古特,2015-11-25,8,2,1,6,0,2,0,4,7,0
239,安德鲁-博古特,2015-11-28,7,2,0,2,0,2,1,3,5,0
240,安德鲁-博古特,2015-11-29,4,2,0,4,0,2,0,2,3,0
241,安德鲁-博古特,2015-12-01,4,4,2,2,0,1,2,2,2,0
242,安德鲁-博古特,2015-12-07,0,2,1,3,0,2,1,0,1,0
243,安德鲁-博古特,2015-12-09,14,1,3,7,1,2,1,7,8,0
244,安德鲁-博古特,2015-12-13,2,3,0,6,0,4,0,1,3,0
245,安德鲁-博古特,2015-12-17,0,3,1,11,1,1,3,0,0,0
246,安德鲁-博古特,2015-12-19,0,1,0,1,0,0,1,0,0,0
247,安德鲁-博古特,2015-12-24,10,4,5,8,0,1,1,4,8,0
248,安德鲁-博古特,2015-12-29,4,2,1,4,1,2,0,2,2,0
249,安德鲁-博古特,2016-01-01,9,1,1,10,0,1,5,4,9,0
250,安德鲁-博古特,2016-01-06,6,2,2,2,0,1,0,3,4,0
251,安德鲁-博古特,2016-01-09,5,1,0,5,0,1,2,2,2,0
252,安德鲁-博古特,2016-01-10,2,3,6,5,0,0,0,1,5,0
253,安德鲁-博古特,2016-01-12,8,1,1,8,0,1,1,4,5,0
254,安德鲁-博古特,2016-01-15,6,2,1,7,0,1,2,3,4,0
255,安德鲁-博古特,2016-01-23,2,1,3,3,0,3,0,1,6,0
256,安德鲁-博古特,2016-01-26,4,2,1,2,1,1,1,2,2,0
257,安德鲁-博古特,2016-01-31,8,4,4,12,0,2,0,4,8,0
258,安德鲁-博古特,2016-02-01,0,4,1,11,0,0,3,0,1,0
259,安德鲁-博古特,2016-02-04,2,6,2,4,0,0,0,1,2,0
260,安德鲁-博古特,2016-02-07,2,1,2,4,0,2,1,1,3,0
261,安德鲁-博古特,2016-02-10,13,1,5,6,3,6,2,5,10,0
262,安德鲁-博古特,2016-02-11,4,2,0,9,2,3,0,2,2,0
263,安德鲁-博古特,2016-02-20,2,0,0,3,0,3,1,1,3,0
264,安德鲁-博古特,2016-02-25,2,3,1,8,0,0,0,1,3,0
265,安德鲁-博古特,2016-02-26,12,4,3,1,1,2,1,6,7,0
266,安德鲁-博古特,2016-02-28,4,0,0,0,0,1,2,2,3,0
267,安德鲁-博古特,2016-03-04,7,2,0,6,1,1,1,2,2,0
268,安德鲁-博古特,2016-03-07,4,7,3,4,2,0,0,2,4,0
269,安德鲁-博古特,2016-03-08,4,6,2,8,3,2,5,2,2,0
270,安德鲁-博古特,2016-03-10,6,2,1,3,0,3,1,3,4,0
271,安德鲁-博古特,2016-03-12,4,5,3,6,1,2,1,2,7,0
272,安德鲁-博古特,2016-03-13,4,1,1,4,0,4,0,2,3,0
273,安德鲁-博古特,2016-03-17,10,4,3,4,1,1,2,5,6,0
274,安德鲁-博古特,2016-03-24,4,4,5,5,0,2,0,2,4,0
275,安德鲁-博古特,2016-03-28,0,2,0,5,0,0,1,0,1,0
276,安德鲁-博古特,2016-03-30,2,2,2,4,0,0,3,1,2,0
277,安德鲁-博古特,2016-03-31,4,2,1,4,0,1,3,2,4,0
278,安德鲁-博古特,2016-04-06,10,5,2,13,1,2,1,5,7,0
279,安德鲁-博古特,2016-04-08,6,3,2,9,1,2,1,3,3,0
280,安德鲁-博古特,2016-04-11,4,1,1,3,0,0,0,2,3,0
281,安德鲁-博古特,2016-04-14,4,1,1,3,0,2,2,2,2,0
282,安德鲁-博古特,2016-04-17,2,2,1,6,1,1,0,1,1,0
283,安德鲁-博古特,2016-04-19,10,2,5,2,1,3,2,5,6,0
284,安德鲁-博古特,2016-04-22,2,1,1,3,0,2,0,1,2,0
285,安德鲁-博古特,2016-04-25,6,2,1,6,2,0,1,3,4,0
286,安德鲁-博古特,2016-04-28,4,3,2,3,0,2,0,2,4,0
287,安德鲁-博古特,2016-05-02,10,0,3,9,2,3,1,5,8,0
288,安德鲁-博古特,2016-05-04,4,0,3,4,0,2,1,2,2,0
289,安德鲁-博古特,2016-05-08,6,0,4,4,0,3,1,3,4,0
290,安德鲁-博古特,2016-05-10,3,1,2,7,2,2,2,0,1,0
291,安德鲁-博古特,2016-05-12,4,3,2,2,0,0,0,2,5,0
292,安德鲁-博古特,2016-05-17,0,3,0,3,1,2,0,0,0,0
293,安德鲁-博古特,2016-05-19,4,1,3,3,1,0,2,2,2,0
294,安德鲁-博古特,2016-05-23,2,2,2,3,0,0,0,1,3,0
295,安德鲁-博古特,2016-05-25,6,1,1,2,0,1,1,3,3,0
296,安德鲁-博古特,2016-05-27,15,2,4,10,2,2,2,7,9,0
297,安德鲁-博古特,2016-05-29,5,4,1,4,0,2,1,2,4,0
298,安德鲁-博古特,2016-05-31,2,0,2,1,0,0,0,1,2,0
299,斯蒂芬-库里,2016-02-23,36,8,1,5,3,0,2,14,22,5
300,斯蒂芬-库里,2015-12-12,38,8,3,8,2,0,8,9,27,6
301,斯蒂芬-库里,2016-04-02,29,6,0,5,1,0,9,9,19,8
302,斯蒂芬-库里,2015-10-28,40,7,3,3,2,0,2,14,26,5
303,斯蒂芬-库里,2015-11-01,53,9,0,4,4,0,2,17,27,8
304,斯蒂芬-库里,2016-03-15,27,5,1,4,2,0,1,10,16,4
305,斯蒂芬-库里,2015-11-21,27,4,1,4,4,0,6,9,20,3
306,斯蒂芬-库里,2016-01-21,25,11,1,6,2,1,2,8,18,3
307,斯蒂芬-库里,2015-12-03,40,5,0,3,0,0,5,14,18,8
308,斯蒂芬-库里,2016-01-05,30,4,0,3,2,0,2,12,21,5
309,斯蒂芬-库里,2015-12-26,19,7,1,6,2,0,3,6,15,1
310,斯蒂芬-库里,2016-01-19,35,4,2,3,3,0,1,12,18,7
311,斯蒂芬-库里,2016-06-03,11,6,1,4,0,0,5,4,15,3
312,斯蒂芬-库里,2016-06-06,18,4,1,8,0,1,4,7,11,4
313,斯蒂芬-库里,2016-06-09,19,3,1,0,2,0,6,6,13,3
314,斯蒂芬-库里,2016-06-11,38,6,3,2,2,0,3,11,25,7
315,斯蒂芬-库里,2016-06-14,25,4,2,5,0,3,4,8,21,5
316,斯蒂芬-库里,2016-06-17,30,1,0,2,1,0,4,8,20,6
317,斯蒂芬-库里,2016-06-20,17,2,0,5,1,1,4,6,19,4
318,斯蒂芬-库里,2016-01-28,14,9,1,1,3,1,0,4,11,3
319,斯蒂芬-库里,2016-03-19,31,10,1,8,2,0,1,12,26,6
320,斯蒂芬-库里,2016-03-26,33,8,0,8,4,0,3,9,18,5
322,斯蒂芬-库里,2015-11-07,34,10,0,7,3,1,4,12,22,8
323,斯蒂芬-库里,2015-11-23,19,7,0,4,3,0,4,8,16,3
324,斯蒂芬-库里,2016-01-03,5,4,0,1,2,0,2,2,6,1
325,斯蒂芬-库里,2016-01-14,38,9,2,3,3,1,8,13,25,5
326,斯蒂芬-库里,2015-11-10,22,5,1,4,3,0,5,7,18,3
327,斯蒂芬-库里,2016-01-17,38,5,1,6,2,0,2,13,26,7
333,斯蒂芬-库里,2015-10-31,25,6,0,7,1,0,1,9,15,4
334,斯蒂芬-库里,2015-11-03,30,3,1,2,3,1,3,10,16,4
335,斯蒂芬-库里,2015-11-05,31,4,0,5,1,0,0,8,17,7
336,斯蒂芬-库里,2015-11-08,24,3,1,5,2,0,6,8,18,2
337,斯蒂芬-库里,2015-11-12,28,5,0,5,5,1,4,9,21,3
338,斯蒂芬-库里,2015-11-13,46,4,0,5,2,0,3,15,25,8
339,斯蒂芬-库里,2015-11-15,34,6,0,3,1,0,4,13,31,5
340,斯蒂芬-库里,2015-11-18,37,9,0,2,2,0,7,13,23,5
341,斯蒂芬-库里,2015-11-20,40,4,0,11,3,0,7,11,22,6
342,斯蒂芬-库里,2015-11-25,24,9,0,4,2,0,0,10,21,4
343,斯蒂芬-库里,2015-11-28,41,8,1,5,2,0,6,11,20,9
344,斯蒂芬-库里,2015-11-29,19,6,0,4,3,0,1,4,7,3
345,斯蒂芬-库里,2015-12-01,26,5,2,4,2,0,2,9,20,4
346,斯蒂芬-库里,2015-12-06,44,7,1,1,0,0,3,14,24,9
347,斯蒂芬-库里,2015-12-07,28,2,0,5,1,0,4,11,17,5
348,斯蒂芬-库里,2015-12-09,29,10,0,7,3,0,4,11,23,3
349,斯蒂芬-库里,2015-12-13,28,5,2,5,1,0,2,10,21,2
350,斯蒂芬-库里,2015-12-17,25,7,0,2,1,0,3,10,14,2
351,斯蒂芬-库里,2015-12-19,26,9,2,8,2,0,6,7,14,2
352,斯蒂芬-库里,2015-12-24,16,9,1,4,3,0,3,5,14,2
353,斯蒂芬-库里,2015-12-29,23,10,0,14,2,0,2,7,16,6
354,斯蒂芬-库里,2016-01-06,17,6,1,0,3,0,3,6,13,4
355,斯蒂芬-库里,2016-01-09,26,9,0,3,1,0,1,8,18,4
356,斯蒂芬-库里,2016-01-10,38,11,1,5,1,1,4,12,21,8
357,斯蒂芬-库里,2016-01-12,31,6,0,2,1,0,1,11,27,4
358,斯蒂芬-库里,2016-01-15,26,3,2,4,1,0,3,9,18,8
359,斯蒂芬-库里,2016-01-23,39,12,2,8,1,0,2,11,19,8
360,斯蒂芬-库里,2016-01-26,37,3,1,1,5,0,1,12,20,6
361,斯蒂芬-库里,2016-01-31,23,6,2,3,1,2,7,9,19,5
362,斯蒂芬-库里,2016-02-01,13,4,0,4,3,0,3,5,17,3
363,斯蒂芬-库里,2016-02-04,51,2,1,6,3,0,7,19,28,11
364,斯蒂芬-库里,2016-02-07,26,10,1,5,3,0,3,10,25,1
365,斯蒂芬-库里,2016-02-10,35,9,1,4,1,0,1,12,24,7
366,斯蒂芬-库里,2016-02-11,26,9,5,4,1,1,2,9,17,5
367,斯蒂芬-库里,2016-02-20,31,5,2,1,2,0,3,12,23,7
368,斯蒂芬-库里,2016-02-21,23,9,0,3,3,0,3,5,15,3
369,斯蒂芬-库里,2016-02-25,42,7,3,4,1,2,7,14,29,6
370,斯蒂芬-库里,2016-02-26,51,8,0,7,0,1,5,20,27,10
371,斯蒂芬-库里,2016-02-28,46,6,0,3,2,0,3,14,24,12
372,斯蒂芬-库里,2016-03-04,33,4,1,3,1,1,1,12,25,5
373,斯蒂芬-库里,2016-03-07,18,4,1,5,1,0,4,6,20,1
374,斯蒂芬-库里,2016-03-08,41,3,1,12,4,0,5,14,24,7
375,斯蒂芬-库里,2016-03-10,12,10,0,3,3,0,3,4,12,3
376,斯蒂芬-库里,2016-03-12,34,4,0,3,2,0,3,13,23,7
377,斯蒂芬-库里,2016-03-13,35,6,1,2,0,0,1,12,24,7
378,斯蒂芬-库里,2016-03-17,34,4,0,6,0,0,2,12,20,8
379,斯蒂芬-库里,2016-03-20,14,6,2,4,2,0,2,4,18,1
380,斯蒂芬-库里,2016-03-22,19,11,3,4,3,1,5,6,17,2
381,斯蒂芬-库里,2016-03-24,33,5,0,4,3,0,1,12,23,4
382,斯蒂芬-库里,2016-03-28,20,8,0,3,4,0,4,7,16,2
383,斯蒂芬-库里,2016-03-30,26,7,0,7,5,0,5,9,20,6
384,斯蒂芬-库里,2016-03-31,31,4,2,5,2,0,5,11,23,5
385,斯蒂芬-库里,2016-04-04,39,7,2,4,2,1,4,13,21,9
386,斯蒂芬-库里,2016-04-06,21,15,2,4,3,0,3,7,25,4
387,斯蒂芬-库里,2016-04-08,27,9,0,5,2,0,3,11,19,3
388,斯蒂芬-库里,2016-04-10,17,8,0,9,1,0,2,7,22,3
389,斯蒂芬-库里,2016-04-11,37,5,0,5,2,0,4,13,22,4
390,斯蒂芬-库里,2016-04-14,46,6,1,3,2,0,2,15,24,10
391,斯蒂芬-库里,2016-04-17,24,2,1,6,3,0,4,8,13,5
392,斯蒂芬-库里,2016-04-25,6,5,0,0,1,0,5,2,9,1
393,斯蒂芬-库里,2016-05-10,40,8,1,8,0,0,4,16,32,5
394,斯蒂芬-库里,2016-05-12,29,11,0,5,1,0,4,10,20,5
395,斯蒂芬-库里,2016-05-17,26,7,1,9,3,0,7,9,22,6
396,斯蒂芬-库里,2016-05-19,28,3,0,2,1,0,3,9,15,5
397,斯蒂芬-库里,2016-05-23,24,3,0,5,2,0,1,7,17,3
398,斯蒂芬-库里,2016-05-25,19,5,0,5,2,0,6,6,20,2
399,斯蒂芬-库里,2016-05-27,31,6,0,7,5,0,5,9,20,3
400,斯蒂芬-库里,2016-05-29,31,9,2,8,2,0,3,9,22,6
401,斯蒂芬-库里,2016-05-31,36,8,1,4,0,0,3,13,24,7
402,克莱-汤普森,2016-02-23,27,3,0,2,3,0,1,10,23,5
403,克莱-汤普森,2016-03-02,26,5,0,6,1,0,2,8,27,6
404,克莱-汤普森,2016-04-02,15,3,0,3,1,0,1,6,16,2
405,克莱-汤普森,2015-10-28,9,3,0,4,1,1,7,3,8,0
406,克莱-汤普森,2015-11-01,19,1,0,3,0,1,0,6,12,2
407,克莱-汤普森,2016-03-15,18,0,0,2,0,1,4,7,11,2
408,克莱-汤普森,2015-11-21,15,3,1,2,0,1,1,6,12,2
409,克莱-汤普森,2016-01-21,20,1,0,5,0,3,0,7,18,3
410,克莱-汤普森,2015-12-03,21,0,0,3,1,1,2,8,18,4
411,克莱-汤普森,2016-01-05,30,3,0,5,0,1,2,11,23,6
412,克莱-汤普森,2015-12-26,18,1,2,4,0,1,1,6,16,1
413,克莱-汤普森,2016-01-19,15,2,0,1,1,0,1,5,11,1
414,克莱-汤普森,2016-06-03,9,2,0,5,0,2,0,4,12,1
415,克莱-汤普森,2016-06-06,17,5,0,2,2,0,4,6,13,4
416,克莱-汤普森,2016-06-09,10,1,1,1,1,0,2,4,13,1
417,克莱-汤普森,2016-06-11,25,1,0,4,1,1,1,7,14,4
418,克莱-汤普森,2016-06-14,37,1,0,3,0,0,1,11,20,6
419,克莱-汤普森,2016-06-17,25,1,2,1,2,1,4,9,21,3
420,克莱-汤普森,2016-06-20,14,2,1,1,1,0,3,6,17,2
421,克莱-汤普森,2015-12-31,10,2,0,1,0,0,2,4,15,1
422,克莱-汤普森,2016-01-28,45,1,0,5,0,2,1,14,20,7
423,克莱-汤普森,2016-03-19,39,2,0,6,2,1,3,14,22,10
424,克莱-汤普森,2016-03-26,40,1,1,4,1,1,1,13,25,9
426,克莱-汤普森,2015-11-07,18,5,0,6,0,0,1,7,16,4
427,克莱-汤普森,2015-11-23,21,7,0,3,0,1,1,7,16,4
428,克莱-汤普森,2016-01-03,26,3,0,7,2,0,1,11,27,2
429,克莱-汤普森,2016-01-14,17,3,1,3,0,0,2,7,13,2
430,克莱-汤普森,2015-11-10,24,1,0,3,2,0,2,10,17,4
431,克莱-汤普森,2016-01-17,24,1,1,5,0,0,2,8,18,1
437,克莱-汤普森,2015-10-31,11,0,0,2,1,0,2,4,10,1
438,克莱-汤普森,2015-11-03,14,2,0,7,0,2,2,6,11,2
439,克莱-汤普森,2015-11-05,16,5,1,4,2,1,2,7,18,0
440,克莱-汤普森,2015-11-08,18,3,0,3,0,1,3,7,16,4
441,克莱-汤普森,2015-11-12,8,2,2,5,1,2,3,3,9,2
442,克莱-汤普森,2015-11-13,15,2,0,2,1,1,4,6,16,3
443,克莱-汤普森,2015-11-18,19,3,0,1,0,0,0,8,19,2
444,克莱-汤普森,2015-11-20,25,2,2,1,0,0,2,6,12,3
445,克莱-汤普森,2015-11-25,11,2,0,3,0,1,1,3,12,2
446,克莱-汤普森,2015-11-28,15,0,0,2,0,1,2,6,11,3
447,克莱-汤普森,2015-11-29,15,2,0,0,1,0,2,6,10,3
448,克莱-汤普森,2015-12-01,20,2,1,4,0,2,0,8,15,4
449,克莱-汤普森,2015-12-06,26,1,0,4,0,1,2,7,15,6
450,克莱-汤普森,2015-12-07,21,3,0,3,1,2,1,8,18,3
451,克莱-汤普森,2015-12-09,39,6,1,6,0,1,4,13,21,10
452,克莱-汤普森,2015-12-13,12,3,1,1,1,0,2,4,14,2
453,克莱-汤普森,2015-12-17,43,2,0,3,1,0,1,15,22,8
454,克莱-汤普森,2015-12-19,27,2,0,3,1,3,1,8,16,2
455,克莱-汤普森,2015-12-24,20,1,0,2,0,0,1,6,16,3
456,克莱-汤普森,2015-12-29,29,2,1,4,1,1,4,10,22,5
457,克莱-汤普森,2016-01-01,38,0,2,5,0,1,4,16,27,6
458,克莱-汤普森,2016-01-06,36,1,0,2,0,1,1,12,22,6
459,克莱-汤普森,2016-01-09,36,5,0,6,0,0,0,13,22,7
460,克莱-汤普森,2016-01-10,15,6,0,4,0,1,2,7,17,1
461,克莱-汤普森,2016-01-12,17,2,1,6,2,0,3,6,15,2
462,克莱-汤普森,2016-01-15,12,1,1,2,0,1,1,4,14,2
463,克莱-汤普森,2016-01-23,18,5,1,2,0,0,3,6,16,4
464,克莱-汤普森,2016-01-26,11,1,0,4,0,0,2,4,10,0
465,克莱-汤普森,2016-01-31,32,3,0,2,0,0,5,14,26,4
466,克莱-汤普森,2016-02-01,34,2,0,1,1,0,3,14,18,5
467,克莱-汤普森,2016-02-04,24,0,0,4,1,0,1,8,19,6
468,克莱-汤普森,2016-02-07,18,0,0,4,0,0,2,8,15,1
469,克莱-汤普森,2016-02-10,13,3,0,2,0,0,2,5,19,0
470,克莱-汤普森,2016-02-11,24,1,0,3,5,0,2,8,20,5
471,克莱-汤普森,2016-02-20,23,1,0,3,1,0,1,8,16,2
472,克莱-汤普森,2016-02-21,32,3,0,7,3,0,0,11,22,4
473,克莱-汤普森,2016-02-25,33,0,0,3,4,0,1,13,25,4
474,克莱-汤普森,2016-02-26,9,1,0,2,0,1,1,4,10,1
475,克莱-汤普森,2016-02-28,32,1,0,3,2,1,1,12,23,2
476,克莱-汤普森,2016-03-04,21,3,0,2,2,0,2,10,19,1
477,克莱-汤普森,2016-03-07,15,2,1,3,2,0,1,7,20,0
478,克莱-汤普森,2016-03-08,27,0,1,5,1,0,2,11,23,5
479,克莱-汤普森,2016-03-10,23,1,0,1,1,0,1,9,14,5
480,克莱-汤普森,2016-03-12,37,0,3,3,0,0,0,13,22,8
481,克莱-汤普森,2016-03-13,20,3,1,5,1,0,0,6,17,3
482,克莱-汤普森,2016-03-17,19,0,3,4,0,1,1,7,17,5
483,克莱-汤普森,2016-03-20,15,1,0,5,1,1,2,7,20,1
484,克莱-汤普森,2016-03-22,17,2,0,5,1,0,2,5,14,5
485,克莱-汤普森,2016-03-24,32,3,0,4,1,0,3,12,21,7
486,克莱-汤普森,2016-03-28,40,0,2,0,0,1,2,15,27,7
487,克莱-汤普森,2016-03-30,16,1,0,4,1,1,2,7,19,2
488,克莱-汤普森,2016-03-31,18,1,0,4,0,0,0,6,15,3
489,克莱-汤普森,2016-04-04,21,3,0,3,0,2,0,8,17,2
490,克莱-汤普森,2016-04-06,28,3,0,3,0,1,4,12,22,4
491,克莱-汤普森,2016-04-08,14,6,2,1,1,0,1,5,13,2
492,克莱-汤普森,2016-04-10,20,3,1,4,1,1,1,7,16,2
493,克莱-汤普森,2016-04-11,14,0,1,5,2,1,2,6,14,2
494,克莱-汤普森,2016-04-14,16,2,0,2,0,1,0,6,13,4
495,克莱-汤普森,2016-04-17,16,4,2,3,1,0,2,4,14,2
496,克莱-汤普森,2016-04-19,34,5,1,2,1,0,4,8,20,3
497,克莱-汤普森,2016-04-22,17,2,1,7,2,0,1,7,20,0
498,克莱-汤普森,2016-04-25,23,5,0,2,2,0,1,8,15,7
499,克莱-汤普森,2016-04-28,27,1,0,3,1,0,2,10,14,7
500,克莱-汤普森,2016-05-02,37,5,2,3,2,0,2,14,28,7
501,克莱-汤普森,2016-05-04,27,3,0,3,0,0,2,7,20,5
502,克莱-汤普森,2016-05-08,35,1,0,1,1,1,3,14,28,5
503,克莱-汤普森,2016-05-10,23,2,1,3,2,0,1,7,18,5
504,克莱-汤普森,2016-05-12,33,1,0,2,0,1,1,13,17,6
505,克莱-汤普森,2016-05-17,25,4,1,8,0,0,2,11,25,3
506,克莱-汤普森,2016-05-19,15,4,0,2,1,0,2,5,17,2
507,克莱-汤普森,2016-05-23,18,1,0,1,0,0,3,8,19,2
508,克莱-汤普森,2016-05-25,26,1,0,5,3,1,1,9,17,4
509,克莱-汤普森,2016-05-27,27,2,0,5,1,0,3,8,21,2
510,克莱-汤普森,2016-05-29,41,0,1,3,1,1,1,14,30,11
511,克莱-汤普森,2016-05-31,21,0,2,3,1,1,1,7,19,6
512,哈里森-巴恩斯,2016-02-23,14,1,0,4,1,0,1,5,8,3
513,哈里森-巴恩斯,2016-03-02,12,2,6,2,0,0,2,6,12,0
514,哈里森-巴恩斯,2016-04-02,14,4,3,5,1,0,1,5,11,4
515,哈里森-巴恩斯,2015-10-28,8,3,5,4,1,0,1,3,12,1
516,哈里森-巴恩斯,2015-11-01,11,2,1,6,0,0,1,5,10,0
517,哈里森-巴恩斯,2016-03-15,6,4,0,3,2,1,0,2,5,0
518,哈里森-巴恩斯,2015-11-21,20,1,1,8,1,0,1,7,13,3
519,哈里森-巴恩斯,2016-01-21,19,1,1,2,0,0,1,8,13,3
520,哈里森-巴恩斯,2016-01-05,8,2,0,1,0,1,0,4,7,0
521,哈里森-巴恩斯,2016-01-19,12,0,0,2,0,0,2,4,8,2
522,哈里森-巴恩斯,2016-06-03,13,2,0,1,1,0,0,6,10,0
523,哈里森-巴恩斯,2016-06-06,5,1,1,4,1,1,3,2,7,0
524,哈里森-巴恩斯,2016-06-09,18,3,1,7,0,0,1,7,11,2
525,哈里森-巴恩斯,2016-06-11,14,2,3,5,1,0,0,5,11,4
526,哈里森-巴恩斯,2016-06-14,5,1,1,4,1,1,0,2,14,1
527,哈里森-巴恩斯,2016-06-17,0,0,0,2,0,1,0,0,8,0
528,哈里森-巴恩斯,2016-06-20,10,1,0,2,1,0,0,3,10,2
529,哈里森-巴恩斯,2016-01-28,13,2,1,1,1,0,0,5,9,1
530,哈里森-巴恩斯,2016-03-19,20,2,1,4,1,1,0,7,13,2
531,哈里森-巴恩斯,2016-03-26,11,2,3,4,0,0,0,5,11,1
533,哈里森-巴恩斯,2015-11-07,21,1,1,4,1,0,0,8,13,2
534,哈里森-巴恩斯,2015-11-23,17,4,1,2,3,0,2,6,9,2
535,哈里森-巴恩斯,2016-01-14,18,1,1,2,2,0,0,7,17,2
536,哈里森-巴恩斯,2015-11-10,12,2,0,2,0,0,3,5,8,2
537,哈里森-巴恩斯,2016-01-17,5,2,0,3,0,0,0,2,11,1
542,哈里森-巴恩斯,2015-10-31,12,2,0,5,0,0,0,5,10,0
543,哈里森-巴恩斯,2015-11-03,8,4,1,2,1,0,1,2,5,0
544,哈里森-巴恩斯,2015-11-05,17,3,2,7,0,1,2,5,8,2
545,哈里森-巴恩斯,2015-11-08,13,4,0,2,2,0,0,4,17,0
546,哈里森-巴恩斯,2015-11-12,19,3,1,3,3,1,2,7,11,1
547,哈里森-巴恩斯,2015-11-13,14,1,2,2,1,1,1,6,14,2
548,哈里森-巴恩斯,2015-11-15,13,0,1,2,1,0,1,4,8,0
549,哈里森-巴恩斯,2015-11-18,7,1,1,3,0,0,0,3,5,1
550,哈里森-巴恩斯,2015-11-20,21,1,1,6,0,0,1,9,15,3
551,哈里森-巴恩斯,2015-11-25,8,1,2,0,0,0,1,2,5,2
552,哈里森-巴恩斯,2015-11-28,7,0,1,6,2,0,1,3,5,0
553,哈里森-巴恩斯,2016-01-06,10,1,1,7,2,0,2,5,7,0
554,哈里森-巴恩斯,2016-01-09,7,3,0,0,1,0,0,2,10,1
555,哈里森-巴恩斯,2016-01-10,10,1,1,3,0,0,2,4,7,1
556,哈里森-巴恩斯,2016-01-12,12,1,1,5,1,0,1,4,10,0
557,哈里森-巴恩斯,2016-01-15,12,2,0,6,2,1,0,5,10,1
558,哈里森-巴恩斯,2016-01-23,6,5,4,7,0,0,1,2,10,0
559,哈里森-巴恩斯,2016-01-26,4,2,0,1,0,0,2,2,6,0
560,哈里森-巴恩斯,2016-01-31,11,2,2,4,2,0,1,4,11,3
561,哈里森-巴恩斯,2016-02-01,7,1,1,2,0,0,1,3,8,1
562,哈里森-巴恩斯,2016-02-04,12,1,0,3,1,0,2,5,11,1
563,哈里森-巴恩斯,2016-02-07,19,0,2,2,0,0,0,8,14,3
564,哈里森-巴恩斯,2016-02-10,19,2,3,4,0,0,1,8,12,2
565,哈里森-巴恩斯,2016-02-11,8,1,1,5,0,1,2,3,11,2
566,哈里森-巴恩斯,2016-02-20,5,3,1,2,0,0,0,2,4,0
567,哈里森-巴恩斯,2016-02-21,18,1,1,4,0,0,0,6,8,3
568,哈里森-巴恩斯,2016-02-25,11,1,3,2,1,0,1,3,6,2
569,哈里森-巴恩斯,2016-02-26,10,1,2,3,0,0,1,4,9,1
570,哈里森-巴恩斯,2016-02-28,6,1,0,1,0,1,0,3,9,0
571,哈里森-巴恩斯,2016-03-04,14,5,0,7,1,0,1,6,11,2
572,哈里森-巴恩斯,2016-03-07,5,0,1,4,0,0,1,2,8,0
573,哈里森-巴恩斯,2016-03-08,8,1,1,1,1,0,0,2,8,0
574,哈里森-巴恩斯,2016-03-10,4,3,1,5,0,0,1,2,8,0
575,哈里森-巴恩斯,2016-03-12,7,2,2,4,0,1,1,1,4,0
576,哈里森-巴恩斯,2016-03-13,8,4,2,7,0,0,1,3,7,0
577,哈里森-巴恩斯,2016-03-17,8,1,3,3,0,0,1,2,7,0
578,哈里森-巴恩斯,2016-03-20,8,3,0,2,2,0,1,3,10,2
579,哈里森-巴恩斯,2016-03-22,6,2,1,6,1,0,0,3,7,0
580,哈里森-巴恩斯,2016-03-24,11,2,0,6,0,0,1,3,11,2
581,哈里森-巴恩斯,2016-03-28,10,1,0,2,1,0,0,4,9,0
582,哈里森-巴恩斯,2016-03-30,14,2,2,7,1,0,1,6,11,0
583,哈里森-巴恩斯,2016-03-31,15,1,1,10,0,0,0,6,15,1
584,哈里森-巴恩斯,2016-04-04,10,0,0,5,0,0,0,4,6,2
585,哈里森-巴恩斯,2016-04-06,20,0,2,3,0,0,1,8,11,4
586,哈里森-巴恩斯,2016-04-08,21,1,1,7,0,0,3,8,13,3
587,哈里森-巴恩斯,2016-04-10,14,1,0,2,0,0,0,6,11,2
588,哈里森-巴恩斯,2016-04-11,9,2,0,3,0,0,1,3,10,1
589,哈里森-巴恩斯,2016-04-14,15,1,0,6,0,0,2,6,10,2
590,哈里森-巴恩斯,2016-04-17,7,2,4,3,1,0,0,3,12,0
591,哈里森-巴恩斯,2016-04-19,6,1,1,4,1,1,1,1,10,0
592,哈里森-巴恩斯,2016-04-22,9,2,0,2,0,0,1,3,7,1
593,哈里森-巴恩斯,2016-04-25,12,2,1,3,1,0,0,4,11,2
594,哈里森-巴恩斯,2016-04-28,8,1,1,2,0,0,1,4,11,0
595,哈里森-巴恩斯,2016-05-02,10,0,3,9,2,0,3,4,7,1
596,哈里森-巴恩斯,2016-05-04,13,1,0,3,0,0,1,5,8,1
597,哈里森-巴恩斯,2016-05-08,7,1,0,6,1,0,0,2,8,1
598,哈里森-巴恩斯,2016-05-10,10,0,2,3,0,0,1,4,10,1
599,哈里森-巴恩斯,2016-05-12,8,1,3,4,0,0,0,3,8,0
600,哈里森-巴恩斯,2016-05-17,12,2,0,5,0,0,1,5,8,2
601,哈里森-巴恩斯,2016-05-19,11,3,3,3,0,0,0,5,8,1
602,哈里森-巴恩斯,2016-05-23,7,0,1,1,0,0,0,3,9,1
603,哈里森-巴恩斯,2016-05-25,11,0,0,4,1,0,2,4,6,1
604,哈里森-巴恩斯,2016-05-27,6,1,0,1,1,0,0,2,7,2
605,哈里森-巴恩斯,2016-05-29,9,1,1,0,2,0,2,3,6,2
606,哈里森-巴恩斯,2016-05-31,5,2,1,7,2,0,1,2,6,1
607,费斯图斯-埃泽利,2015-12-12,12,0,4,8,1,1,2,3,7,0
608,费斯图斯-埃泽利,2015-10-28,13,1,3,1,1,1,1,6,10,0
609,费斯图斯-埃泽利,2015-11-01,1,1,0,5,1,1,0,0,2,0
610,费斯图斯-埃泽利,2015-11-21,7,1,5,4,0,2,0,3,4,0
611,费斯图斯-埃泽利,2016-01-21,3,0,1,4,0,0,1,1,2,0
612,费斯图斯-埃泽利,2015-12-03,9,0,3,3,0,0,1,3,7,0
613,费斯图斯-埃泽利,2015-12-26,3,0,0,4,0,2,2,1,4,0
614,费斯图斯-埃泽利,2016-01-19,4,0,1,1,0,0,2,2,3,0
615,费斯图斯-埃泽利,2016-06-03,2,0,1,2,1,0,0,1,4,0
616,费斯图斯-埃泽利,2016-06-06,6,1,1,1,0,0,1,2,3,0
617,费斯图斯-埃泽利,2016-06-09,0,0,0,0,0,0,0,0,1,0
618,费斯图斯-埃泽利,2016-06-11,0,0,0,0,0,0,0,0,0,0
619,费斯图斯-埃泽利,2016-06-14,2,0,2,1,0,1,0,1,3,0
620,费斯图斯-埃泽利,2016-06-17,4,1,3,1,0,0,1,2,5,0
621,费斯图斯-埃泽利,2016-06-20,0,1,0,1,0,0,0,0,4,0
623,费斯图斯-埃泽利,2015-11-07,16,2,3,4,1,2,3,7,7,0
624,费斯图斯-埃泽利,2015-11-23,4,0,2,4,0,1,1,1,7,0
625,费斯图斯-埃泽利,2016-01-14,4,0,0,0,1,1,0,2,4,0
626,费斯图斯-埃泽利,2015-11-10,8,2,1,1,0,2,1,2,6,0
627,费斯图斯-埃泽利,2016-01-17,10,0,5,5,0,5,1,4,8,0
634,费斯图斯-埃泽利,2015-10-31,9,1,3,4,0,2,2,4,9,0
635,费斯图斯-埃泽利,2015-11-03,11,0,3,7,0,3,1,4,5,0
636,费斯图斯-埃泽利,2015-11-05,12,2,1,3,0,2,0,6,8,0
637,费斯图斯-埃泽利,2015-11-08,10,0,4,8,0,1,1,3,9,0
638,费斯图斯-埃泽利,2015-11-12,3,0,2,3,1,0,1,1,2,0
639,费斯图斯-埃泽利,2015-11-13,10,3,1,1,0,0,0,5,6,0
640,费斯图斯-埃泽利,2015-11-15,3,1,1,4,0,2,0,1,4,0
641,费斯图斯-埃泽利,2015-11-18,8,1,1,5,2,4,2,3,4,0
642,费斯图斯-埃泽利,2015-11-20,5,3,2,2,0,2,2,1,2,0
643,费斯图斯-埃泽利,2015-11-25,9,1,2,5,0,0,0,4,5,0
644,费斯图斯-埃泽利,2015-11-28,6,2,4,5,0,3,1,3,8,0
645,费斯图斯-埃泽利,2015-11-29,11,1,4,7,0,0,1,4,6,0
646,费斯图斯-埃泽利,2015-12-01,8,0,3,5,0,0,0,3,3,0
647,费斯图斯-埃泽利,2015-12-06,8,0,4,6,1,1,0,2,5,0
648,费斯图斯-埃泽利,2015-12-07,12,1,2,3,0,4,0,5,7,0
649,费斯图斯-埃泽利,2015-12-09,12,0,2,3,0,0,1,5,8,0
650,费斯图斯-埃泽利,2015-12-13,13,0,6,2,2,0,2,5,8,0
651,费斯图斯-埃泽利,2015-12-17,7,0,1,4,0,0,1,3,7,0
652,费斯图斯-埃泽利,2015-12-19,14,2,6,4,2,0,1,6,8,0
653,费斯图斯-埃泽利,2015-12-24,6,1,1,3,1,4,2,2,6,0
654,费斯图斯-埃泽利,2015-12-29,5,1,0,2,0,0,1,2,4,0
655,费斯图斯-埃泽利,2016-01-09,2,0,1,2,0,1,1,1,2,0
656,费斯图斯-埃泽利,2016-01-10,8,1,1,5,1,1,0,4,5,0
657,费斯图斯-埃泽利,2016-01-12,1,0,0,2,0,0,0,0,0,0
658,费斯图斯-埃泽利,2016-01-15,8,0,2,6,1,0,0,3,4,0
659,费斯图斯-埃泽利,2016-01-23,1,1,0,2,1,1,0,0,1,0
660,费斯图斯-埃泽利,2016-01-26,4,2,1,4,0,0,1,2,3,0
661,费斯图斯-埃泽利,2016-04-04,2,0,2,1,0,0,1,1,2,0
662,费斯图斯-埃泽利,2016-04-06,0,0,0,1,0,0,0,0,1,0
663,费斯图斯-埃泽利,2016-04-08,4,0,1,2,0,0,0,2,5,0
664,费斯图斯-埃泽利,2016-04-10,9,1,0,4,0,0,0,3,4,0
665,费斯图斯-埃泽利,2016-04-11,1,0,3,3,1,0,1,0,3,0
666,费斯图斯-埃泽利,2016-04-14,4,0,2,4,0,1,0,2,3,0
667,费斯图斯-埃泽利,2016-04-17,8,1,3,3,0,1,3,4,5,0
668,费斯图斯-埃泽利,2016-04-19,4,0,0,1,0,0,0,1,2,0
669,费斯图斯-埃泽利,2016-04-22,2,0,3,0,0,0,1,1,4,0
670,费斯图斯-埃泽利,2016-04-25,3,0,1,5,0,0,0,1,2,0
671,费斯图斯-埃泽利,2016-04-28,2,1,0,1,0,1,1,1,4,0
672,费斯图斯-埃泽利,2016-05-04,8,1,1,5,0,1,1,4,4,0
673,费斯图斯-埃泽利,2016-05-08,1,0,0,2,0,0,0,0,0,0
674,费斯图斯-埃泽利,2016-05-10,6,0,1,2,0,1,0,3,4,0
675,费斯图斯-埃泽利,2016-05-12,8,0,0,4,0,1,2,2,4,0
676,费斯图斯-埃泽利,2016-05-17,3,0,2,1,0,0,0,1,2,0
677,费斯图斯-埃泽利,2016-05-19,12,1,1,4,0,1,1,5,5,0
678,费斯图斯-埃泽利,2016-05-23,8,0,1,0,0,0,0,3,5,0
679,费斯图斯-埃泽利,2016-05-25,8,1,2,0,0,0,0,3,4,0
680,费斯图斯-埃泽利,2016-05-27,2,0,0,1,0,0,0,0,0,0
681,费斯图斯-埃泽利,2016-05-29,2,0,0,0,0,0,1,1,1,0
682,费斯图斯-埃泽利,2016-05-31,2,0,1,3,0,0,2,1,3,0
683,德雷蒙德-格林,2016-02-23,6,9,1,13,2,1,4,2,10,0
684,德雷蒙德-格林,2016-03-02,15,9,2,11,4,1,5,6,15,2
685,德雷蒙德-格林,2015-12-12,24,8,1,10,5,5,2,8,20,2
686,德雷蒙德-格林,2016-04-02,16,7,2,7,6,2,4,5,13,3
687,德雷蒙德-格林,2015-10-28,10,2,3,5,1,0,1,3,12,2
688,德雷蒙德-格林,2015-11-01,21,4,1,5,1,1,3,7,12,4
689,德雷蒙德-格林,2016-03-15,14,4,1,11,0,3,4,5,10,1
690,德雷蒙德-格林,2015-11-21,9,5,1,8,0,0,3,3,8,0
691,德雷蒙德-格林,2016-01-21,6,9,2,8,1,0,0,3,8,0
692,德雷蒙德-格林,2015-12-03,4,9,0,11,0,3,5,2,9,0
693,德雷蒙德-格林,2016-01-05,13,10,2,13,1,2,2,5,8,1
694,德雷蒙德-格林,2015-12-26,22,7,1,14,0,2,4,8,17,2
695,德雷蒙德-格林,2016-01-19,16,10,2,5,0,2,1,5,10,2
696,德雷蒙德-格林,2016-06-03,16,7,0,11,4,1,3,5,11,2
697,德雷蒙德-格林,2016-06-06,28,5,1,6,1,0,1,11,20,5
698,德雷蒙德-格林,2016-06-09,6,7,1,6,0,1,2,2,8,0
699,德雷蒙德-格林,2016-06-11,9,4,1,11,2,3,3,2,9,0
700,德雷蒙德-格林,2016-06-17,8,6,1,9,1,1,1,3,7,0
701,德雷蒙德-格林,2016-06-20,32,9,1,14,2,0,2,11,15,6
702,德雷蒙德-格林,2015-12-31,11,4,2,7,2,0,2,4,15,1
703,德雷蒙德-格林,2016-01-28,10,4,0,3,0,0,5,4,4,2
704,德雷蒙德-格林,2016-03-19,15,8,0,4,1,1,4,5,8,2
705,德雷蒙德-格林,2016-03-26,19,10,0,7,2,2,1,7,11,3
707,德雷蒙德-格林,2015-11-07,12,8,2,7,0,1,2,5,9,2
708,德雷蒙德-格林,2015-11-23,13,4,2,5,0,1,4,5,7,3
709,德雷蒙德-格林,2016-01-03,29,14,4,13,4,1,3,10,16,5
710,德雷蒙德-格林,2015-11-10,6,9,2,8,4,2,1,3,10,0
711,德雷蒙德-格林,2016-01-17,5,9,2,3,1,2,2,1,7,1
718,德雷蒙德-格林,2015-10-31,9,7,1,6,2,1,1,3,8,1
719,德雷蒙德-格林,2015-11-03,11,8,0,9,0,3,2,4,7,3
720,德雷蒙德-格林,2015-11-05,10,5,2,3,0,0,3,3,11,1
721,德雷蒙德-格林,2015-11-08,10,7,4,5,2,0,5,3,8,0
722,德雷蒙德-格林,2015-11-12,7,4,1,5,0,2,3,3,7,1
723,德雷蒙德-格林,2015-11-13,23,12,0,8,2,2,2,8,10,2
724,德雷蒙德-格林,2015-11-15,16,12,2,8,2,4,4,7,18,2
725,德雷蒙德-格林,2015-11-18,9,5,0,9,1,1,3,3,6,1
726,德雷蒙德-格林,2015-11-20,19,9,0,6,1,1,3,7,9,3
727,德雷蒙德-格林,2015-11-25,18,5,2,5,1,2,2,7,11,2
728,德雷蒙德-格林,2015-11-28,14,10,2,8,1,2,4,4,4,2
729,德雷蒙德-格林,2015-11-29,13,12,2,9,1,4,3,4,13,0
730,德雷蒙德-格林,2015-12-01,20,7,4,5,0,0,5,8,21,0
731,德雷蒙德-格林,2015-12-06,16,6,0,9,0,0,1,5,12,0
732,德雷蒙德-格林,2015-12-07,22,7,1,8,1,0,1,7,10,2
733,德雷蒙德-格林,2015-12-09,8,4,1,8,1,1,4,4,13,0
734,德雷蒙德-格林,2015-12-13,24,5,3,8,1,1,6,9,14,1
735,德雷蒙德-格林,2015-12-17,16,10,4,7,5,1,2,5,14,2
736,德雷蒙德-格林,2015-12-19,21,8,2,7,1,0,2,7,15,2
737,德雷蒙德-格林,2015-12-24,15,6,2,7,1,2,3,7,15,1
738,德雷蒙德-格林,2015-12-29,25,4,3,5,2,0,6,7,14,5
739,德雷蒙德-格林,2016-01-01,10,16,0,11,2,2,2,3,7,1
740,德雷蒙德-格林,2016-01-06,9,5,1,11,0,1,2,2,5,1
741,德雷蒙德-格林,2016-01-09,11,10,1,12,0,1,2,4,6,0
742,德雷蒙德-格林,2016-01-10,25,4,0,9,2,2,4,8,12,5
743,德雷蒙德-格林,2016-01-12,22,6,3,9,1,0,2,8,14,0
744,德雷蒙德-格林,2016-01-15,7,5,3,6,3,0,4,2,7,0
745,德雷蒙德-格林,2016-01-23,22,2,3,8,4,0,3,10,15,0
746,德雷蒙德-格林,2016-01-26,11,6,2,7,3,1,4,3,8,0
747,德雷蒙德-格林,2016-01-31,10,9,1,12,2,1,7,5,7,0
748,德雷蒙德-格林,2016-02-01,20,10,1,9,2,2,4,9,9,2
749,德雷蒙德-格林,2016-02-04,12,12,1,9,1,5,4,3,5,0
750,德雷蒙德-格林,2016-02-07,9,6,5,9,0,0,1,3,9,0
751,德雷蒙德-格林,2016-02-10,8,5,2,7,0,0,2,2,3,0
752,德雷蒙德-格林,2016-02-11,9,3,0,6,1,0,3,1,5,1
753,德雷蒙德-格林,2016-02-20,14,8,1,11,0,0,9,5,7,2
754,德雷蒙德-格林,2016-02-21,18,10,2,9,0,0,2,9,14,0
755,德雷蒙德-格林,2016-02-25,10,3,2,9,0,1,3,3,7,0
756,德雷蒙德-格林,2016-02-26,12,8,0,4,5,0,5,4,7,0
757,德雷蒙德-格林,2016-02-28,2,14,3,11,6,4,3,0,8,0
758,德雷蒙德-格林,2016-03-04,14,7,1,7,2,0,1,6,10,1
759,德雷蒙德-格林,2016-03-07,9,9,0,10,0,1,7,2,7,1
760,德雷蒙德-格林,2016-03-08,1,10,3,6,2,3,7,0,3,0
761,德雷蒙德-格林,2016-03-10,17,5,0,7,2,3,3,7,13,2
762,德雷蒙德-格林,2016-03-12,17,7,3,10,2,0,2,4,11,0
763,德雷蒙德-格林,2016-03-13,19,6,0,4,2,1,3,5,12,1
764,德雷蒙德-格林,2016-03-17,6,10,1,10,0,2,1,3,8,0
765,德雷蒙德-格林,2016-03-20,11,8,2,7,1,1,3,5,10,1
766,德雷蒙德-格林,2016-03-22,24,6,4,5,3,3,4,10,13,0
767,德雷蒙德-格林,2016-03-24,12,4,1,11,2,0,4,4,8,0
768,德雷蒙德-格林,2016-03-28,13,11,1,10,1,3,4,4,7,2
769,德雷蒙德-格林,2016-03-30,15,9,0,16,1,2,2,4,6,3
770,德雷蒙德-格林,2016-03-31,13,6,2,6,0,3,4,5,10,1
771,德雷蒙德-格林,2016-04-04,22,10,5,5,2,3,1,7,17,0
772,德雷蒙德-格林,2016-04-06,12,9,1,5,3,2,6,5,11,0
773,德雷蒙德-格林,2016-04-08,18,7,0,6,1,0,4,7,12,2
774,德雷蒙德-格林,2016-04-10,23,4,2,9,1,3,4,10,14,2
775,德雷蒙德-格林,2016-04-11,11,4,1,3,0,1,1,4,5,1
776,德雷蒙德-格林,2016-04-14,11,7,3,6,1,1,5,4,8,2
777,德雷蒙德-格林,2016-04-17,12,4,2,8,2,4,1,5,12,1
778,德雷蒙德-格林,2016-04-19,12,8,4,10,2,1,0,4,12,0
779,德雷蒙德-格林,2016-04-22,9,7,0,7,1,0,7,3,9,0
780,德雷蒙德-格林,2016-04-25,18,6,1,7,1,0,4,7,12,4
781,德雷蒙德-格林,2016-04-28,15,8,0,9,1,2,0,5,9,2
782,德雷蒙德-格林,2016-05-02,23,11,4,9,1,3,2,6,14,2
783,德雷蒙德-格林,2016-05-04,17,7,2,12,1,4,2,7,20,0
784,德雷蒙德-格林,2016-05-08,37,8,2,7,1,1,2,13,23,8
785,德雷蒙德-格林,2016-05-10,21,5,1,8,4,7,2,5,9,2
786,德雷蒙德-格林,2016-05-12,13,6,1,10,2,1,4,2,7,1
787,德雷蒙德-格林,2016-05-17,23,4,1,4,1,2,2,9,20,0
788,德雷蒙德-格林,2016-05-19,10,7,2,6,1,2,1,4,9,2
789,德雷蒙德-格林,2016-05-23,6,3,1,3,1,0,4,1,9,0
790,德雷蒙德-格林,2016-05-25,6,2,2,9,3,1,6,1,7,0
791,德雷蒙德-格林,2016-05-27,11,4,5,8,1,4,2,4,10,0
792,德雷蒙德-格林,2016-05-29,12,6,3,9,3,1,3,4,10,2
793,德雷蒙德-格林,2016-05-31,11,4,2,7,1,2,2,5,14,1
794,伊恩-克拉克,2016-03-02,3,1,0,2,0,0,1,0,5,0
795,伊恩-克拉克,2015-12-12,6,0,1,2,0,0,1,3,9,0
796,伊恩-克拉克,2016-04-02,0,0,0,0,0,1,1,0,1,0
797,伊恩-克拉克,2015-11-01,0,0,0,0,0,0,0,0,0,0
798,伊恩-克拉克,2016-03-15,2,3,0,0,1,0,0,1,3,0
799,伊恩-克拉克,2015-11-21,0,1,0,1,0,0,0,0,0,0
800,伊恩-克拉克,2016-01-21,4,2,0,1,0,0,0,2,2,0
801,伊恩-克拉克,2015-12-03,2,0,1,1,0,0,1,1,1,0
802,伊恩-克拉克,2016-01-05,3,3,0,1,1,0,1,1,4,1
803,伊恩-克拉克,2015-12-26,0,0,0,0,1,0,0,0,1,0
804,伊恩-克拉克,2016-01-19,6,2,0,2,0,0,0,2,7,2
805,伊恩-克拉克,2016-06-03,0,0,0,0,0,0,1,0,0,0
806,伊恩-克拉克,2016-06-06,7,1,1,2,0,0,1,3,4,1
807,伊恩-克拉克,2016-06-09,3,0,0,0,0,0,1,1,3,1
808,伊恩-克拉克,2016-06-17,3,1,0,0,0,0,0,1,1,1
809,伊恩-克拉克,2015-12-31,21,0,0,0,1,0,2,8,12,3
810,伊恩-克拉克,2016-01-28,0,1,0,0,0,0,0,0,0,0
811,伊恩-克拉克,2016-03-19,0,2,0,1,0,0,0,0,1,0
812,伊恩-克拉克,2016-03-26,3,0,0,0,0,0,0,1,2,1
814,伊恩-克拉克,2015-11-07,0,3,0,1,0,0,1,0,2,0
815,伊恩-克拉克,2015-11-23,4,1,1,0,0,1,1,2,3,0
816,伊恩-克拉克,2016-01-03,15,1,0,1,0,0,3,7,8,1
817,伊恩-克拉克,2016-01-17,0,0,0,0,0,0,0,0,1,0
824,伊恩-克拉克,2015-10-31,2,2,0,0,0,0,0,1,3,0
825,伊恩-克拉克,2015-11-03,15,1,1,2,0,0,0,4,4,1
826,伊恩-克拉克,2015-11-12,0,0,0,1,0,0,2,0,1,0
827,伊恩-克拉克,2015-11-13,6,1,0,1,0,0,0,2,4,2
828,伊恩-克拉克,2015-11-15,2,0,0,0,0,0,0,1,4,0
829,伊恩-克拉克,2015-11-18,4,2,0,0,1,0,2,1,3,1
830,伊恩-克拉克,2015-11-20,0,1,0,1,0,1,0,0,1,0
831,伊恩-克拉克,2015-11-25,0,1,1,1,2,0,0,0,3,0
832,伊恩-克拉克,2015-11-28,7,2,0,2,1,0,2,3,7,1
833,伊恩-克拉克,2015-11-29,8,1,0,1,0,0,1,2,4,2
834,伊恩-克拉克,2015-12-01,12,0,1,1,0,1,0,4,5,4
835,伊恩-克拉克,2015-12-06,2,0,0,0,0,0,0,1,1,0
836,伊恩-克拉克,2015-12-07,0,0,0,0,0,0,1,0,2,0
837,伊恩-克拉克,2015-12-09,2,2,0,0,0,0,0,1,5,0
838,伊恩-克拉克,2015-12-13,0,0,0,0,0,0,0,0,0,0
839,伊恩-克拉克,2015-12-17,2,1,0,1,0,0,2,1,2,0
840,伊恩-克拉克,2015-12-24,7,0,0,0,0,0,1,3,3,1
841,伊恩-克拉克,2015-12-29,12,0,0,4,2,1,0,5,9,2
842,伊恩-克拉克,2016-01-01,12,2,1,2,0,0,0,4,9,2
843,伊恩-克拉克,2016-01-06,3,6,1,3,1,4,2,1,10,0
844,伊恩-克拉克,2016-01-09,6,2,1,3,0,1,2,2,3,2
845,伊恩-克拉克,2016-01-10,0,0,0,1,0,0,2,0,1,0
846,伊恩-克拉克,2016-01-12,2,2,0,0,0,0,0,1,3,0
847,伊恩-克拉克,2016-01-15,6,2,0,0,1,0,1,3,4,0
848,伊恩-克拉克,2016-01-23,2,0,0,0,0,0,0,1,1,0
849,伊恩-克拉克,2016-01-26,0,1,0,1,0,0,2,0,1,0
850,伊恩-克拉克,2016-01-31,5,1,1,0,0,1,1,2,5,0
851,伊恩-克拉克,2016-02-01,4,0,0,0,0,0,0,0,2,0
852,伊恩-克拉克,2016-02-11,2,1,0,1,0,0,0,1,3,0
853,伊恩-克拉克,2016-02-20,8,0,1,0,0,0,0,3,7,1
854,伊恩-克拉克,2016-02-21,0,0,0,0,0,0,1,0,0,0
855,伊恩-克拉克,2016-02-26,0,1,0,1,0,0,1,0,0,0
856,伊恩-克拉克,2016-03-07,8,1,0,1,0,0,1,3,4,2
857,伊恩-克拉克,2016-03-08,2,2,1,1,1,0,1,1,1,0
858,伊恩-克拉克,2016-03-10,2,1,1,1,0,0,0,1,1,0
859,伊恩-克拉克,2016-03-12,4,0,1,2,0,0,0,1,5,0
860,伊恩-克拉克,2016-03-13,0,0,0,0,0,0,1,0,0,0
861,伊恩-克拉克,2016-03-17,4,2,0,1,1,0,1,2,3,0
862,伊恩-克拉克,2016-03-20,2,0,0,0,0,0,0,1,2,0
863,伊恩-克拉克,2016-03-22,1,2,0,2,0,1,2,0,1,0
864,伊恩-克拉克,2016-03-28,6,2,0,2,1,0,2,2,5,0
865,伊恩-克拉克,2016-03-30,2,0,0,2,1,1,0,1,4,0
866,伊恩-克拉克,2016-03-31,5,0,0,1,0,0,0,2,3,1
867,伊恩-克拉克,2016-04-04,0,1,0,0,0,0,0,0,0,0
868,伊恩-克拉克,2016-04-08,0,0,0,1,0,0,0,0,0,0
869,伊恩-克拉克,2016-04-10,0,1,0,0,0,0,0,0,0,0
870,伊恩-克拉克,2016-04-11,0,0,0,0,1,0,0,0,1,0
871,伊恩-克拉克,2016-04-17,3,0,0,0,1,0,0,1,2,1
872,伊恩-克拉克,2016-04-19,0,0,0,0,0,0,0,0,0,0
873,伊恩-克拉克,2016-04-22,11,5,0,1,0,0,1,4,7,1
874,伊恩-克拉克,2016-04-25,5,2,0,2,1,0,1,2,2,1
875,伊恩-克拉克,2016-04-28,7,1,1,2,3,0,0,3,6,0
876,伊恩-克拉克,2016-05-02,4,0,0,0,0,0,0,2,7,0
877,伊恩-克拉克,2016-05-04,5,0,0,2,0,0,0,2,2,0
878,伊恩-克拉克,2016-05-08,6,2,0,1,0,0,1,3,7,0
879,伊恩-克拉克,2016-05-10,3,0,0,0,1,0,0,1,3,0
880,伊恩-克拉克,2016-05-19,1,1,0,0,0,0,0,0,3,0
881,伊恩-克拉克,2016-05-23,8,3,0,4,2,0,2,3,5,0
882,伊恩-克拉克,2016-05-25,0,0,0,1,0,0,1,0,1,0
883,詹姆斯-迈克尔-麦卡杜,2016-03-02,2,0,2,0,0,0,1,1,3,0
884,詹姆斯-迈克尔-麦卡杜,2015-12-12,4,0,1,1,0,0,0,2,4,0
885,詹姆斯-迈克尔-麦卡杜,2015-10-28,2,0,0,0,1,0,2,0,0,0
886,詹姆斯-迈克尔-麦卡杜,2015-11-01,0,0,0,0,0,0,0,0,0,0
887,詹姆斯-迈克尔-麦卡杜,2016-03-15,11,1,3,2,0,0,2,5,6,0
888,詹姆斯-迈克尔-麦卡杜,2015-11-21,4,0,0,1,0,0,1,1,1,0
889,詹姆斯-迈克尔-麦卡杜,2015-12-03,6,0,0,0,0,1,2,3,6,0
890,詹姆斯-迈克尔-麦卡杜,2015-12-26,0,0,0,1,0,0,0,0,0,0
891,詹姆斯-迈克尔-麦卡杜,2016-06-11,2,1,0,1,0,0,0,1,1,0
892,詹姆斯-迈克尔-麦卡杜,2016-06-14,0,0,0,2,0,0,0,0,0,0
893,詹姆斯-迈克尔-麦卡杜,2016-06-17,2,0,0,1,0,0,0,1,1,0
894,詹姆斯-迈克尔-麦卡杜,2015-12-31,1,2,0,0,1,0,1,0,0,0
895,詹姆斯-迈克尔-麦卡杜,2016-03-19,3,1,2,1,0,0,1,1,4,0
896,詹姆斯-迈克尔-麦卡杜,2016-03-26,0,0,0,0,0,0,0,0,0,0
898,詹姆斯-迈克尔-麦卡杜,2015-11-07,3,1,2,0,1,0,0,1,4,0
899,詹姆斯-迈克尔-麦卡杜,2015-11-23,5,0,3,0,1,0,1,2,3,0
900,詹姆斯-迈克尔-麦卡杜,2015-11-10,0,1,0,0,0,0,0,0,0,0
907,詹姆斯-迈克尔-麦卡杜,2015-10-31,3,1,0,1,0,0,1,1,2,0
908,詹姆斯-迈克尔-麦卡杜,2015-11-03,9,1,1,6,0,0,0,4,6,0
909,詹姆斯-迈克尔-麦卡杜,2015-11-12,0,1,0,0,0,0,0,0,0,0
910,詹姆斯-迈克尔-麦卡杜,2015-11-13,0,0,0,0,0,0,0,0,0,0
911,詹姆斯-迈克尔-麦卡杜,2015-11-20,0,0,0,0,0,0,0,0,0,0
912,詹姆斯-迈克尔-麦卡杜,2015-12-01,0,0,0,0,0,0,0,0,0,0
913,詹姆斯-迈克尔-麦卡杜,2015-12-06,0,0,0,2,0,0,0,0,1,0
914,詹姆斯-迈克尔-麦卡杜,2015-12-07,0,0,0,0,0,0,0,0,1,0
915,詹姆斯-迈克尔-麦卡杜,2015-12-13,0,0,0,0,0,0,0,0,0,0
916,詹姆斯-迈克尔-麦卡杜,2015-12-17,2,0,0,0,0,0,0,1,1,0
917,詹姆斯-迈克尔-麦卡杜,2015-12-19,4,0,2,1,1,1,1,2,2,0
918,詹姆斯-迈克尔-麦卡杜,2015-12-24,0,0,0,1,0,0,0,0,0,0
919,詹姆斯-迈克尔-麦卡杜,2015-12-29,7,1,2,4,0,3,0,3,6,0
920,詹姆斯-迈克尔-麦卡杜,2016-01-01,7,1,3,0,2,0,0,2,3,0
921,詹姆斯-迈克尔-麦卡杜,2016-03-07,7,2,2,0,0,0,0,2,5,0
922,詹姆斯-迈克尔-麦卡杜,2016-03-08,5,0,1,0,0,0,0,1,2,0
923,詹姆斯-迈克尔-麦卡杜,2016-03-10,0,1,0,0,0,0,1,0,0,0
924,詹姆斯-迈克尔-麦卡杜,2016-03-12,3,0,1,2,0,0,0,0,0,0
925,詹姆斯-迈克尔-麦卡杜,2016-03-17,7,1,0,1,1,0,1,3,4,1
926,詹姆斯-迈克尔-麦卡杜,2016-03-20,4,1,1,0,0,0,0,2,2,0
927,詹姆斯-迈克尔-麦卡杜,2016-03-22,7,0,4,2,1,0,0,3,8,0
928,詹姆斯-迈克尔-麦卡杜,2016-03-24,0,0,0,0,0,0,0,0,0,0
929,詹姆斯-迈克尔-麦卡杜,2016-03-28,4,1,0,1,0,0,1,2,3,0
930,詹姆斯-迈克尔-麦卡杜,2016-03-30,3,0,0,0,0,1,0,1,2,0
931,詹姆斯-迈克尔-麦卡杜,2016-04-04,4,0,0,1,1,1,0,2,3,0
932,詹姆斯-迈克尔-麦卡杜,2016-04-14,0,0,0,0,0,1,0,0,2,0
933,詹姆斯-迈克尔-麦卡杜,2016-04-22,1,0,0,4,0,2,0,0,0,0
934,詹姆斯-迈克尔-麦卡杜,2016-04-25,0,1,0,0,1,0,1,0,2,0
935,詹姆斯-迈克尔-麦卡杜,2016-04-28,0,0,0,0,2,0,0,0,0,0
936,詹姆斯-迈克尔-麦卡杜,2016-05-02,0,0,0,0,0,0,0,0,0,0
937,詹姆斯-迈克尔-麦卡杜,2016-05-08,0,0,0,0,0,0,0,0,0,0
938,凯文-卢尼,2016-01-28,2,0,0,2,0,0,0,1,1,0
939,凯文-卢尼,2016-02-11,3,0,0,0,0,0,0,1,2,1
940,凯文-卢尼,2016-02-20,2,0,4,4,0,0,0,1,2,0
941,凯文-卢尼,2016-02-21,0,0,0,0,0,0,0,0,0,0
942,凯文-卢尼,2016-02-26,2,0,0,0,0,0,1,1,2,0
945,安德森-瓦莱乔,2016-03-02,2,1,1,0,0,0,0,1,2,0
946,安德森-瓦莱乔,2016-04-02,5,1,1,2,0,0,0,2,3,0
947,安德森-瓦莱乔,2016-03-15,7,0,0,3,0,0,0,2,2,0
948,安德森-瓦莱乔,2016-06-03,0,1,1,0,0,0,0,0,1,0
949,安德森-瓦莱乔,2016-06-09,1,2,1,1,0,0,1,0,1,0
950,安德森-瓦莱乔,2016-06-11,2,0,3,0,0,0,0,0,1,0
951,安德森-瓦莱乔,2016-06-14,3,1,1,0,0,0,0,0,0,0
952,安德森-瓦莱乔,2016-06-17,0,1,0,1,1,0,1,0,0,0
953,安德森-瓦莱乔,2016-06-20,1,1,0,0,0,0,0,0,1,0
954,安德森-瓦莱乔,2016-03-19,0,0,0,2,0,1,1,0,1,0
955,安德森-瓦莱乔,2016-03-26,2,1,0,2,0,2,0,0,0,0
956,安德森-瓦莱乔,2016-02-25,1,1,0,3,0,0,0,0,2,0
957,安德森-瓦莱乔,2016-02-26,5,3,1,4,1,0,1,2,5,0
958,安德森-瓦莱乔,2016-02-28,0,0,0,1,1,0,0,0,2,0
959,安德森-瓦莱乔,2016-03-04,3,0,1,1,0,0,0,1,1,0
960,安德森-瓦莱乔,2016-03-07,6,2,1,1,0,0,0,3,3,0
961,安德森-瓦莱乔,2016-03-08,0,0,0,2,0,0,0,0,0,0
962,安德森-瓦莱乔,2016-03-10,9,0,3,2,1,0,2,4,6,0
963,安德森-瓦莱乔,2016-03-12,4,1,1,5,0,0,0,2,5,0
964,安德森-瓦莱乔,2016-03-13,1,0,0,0,0,0,1,0,2,0
965,安德森-瓦莱乔,2016-03-17,4,2,0,0,0,2,0,2,3,0
966,安德森-瓦莱乔,2016-03-20,0,1,0,1,0,0,0,0,1,0
967,安德森-瓦莱乔,2016-03-22,5,1,0,0,0,0,1,2,2,0
968,安德森-瓦莱乔,2016-03-30,3,0,1,1,2,0,0,0,3,0
969,安德森-瓦莱乔,2016-03-31,0,1,1,0,0,0,0,0,2,0
970,安德森-瓦莱乔,2016-04-04,1,0,0,1,0,0,0,0,0,0
971,安德森-瓦莱乔,2016-04-10,0,0,0,5,0,0,0,0,1,0
972,安德森-瓦莱乔,2016-04-14,0,0,2,1,0,0,0,0,2,0
973,安德森-瓦莱乔,2016-04-17,0,0,1,0,0,0,0,0,0,0
974,安德森-瓦莱乔,2016-04-28,1,2,0,3,0,0,0,0,2,0
975,安德森-瓦莱乔,2016-05-02,4,1,1,1,1,2,0,2,3,0
976,安德森-瓦莱乔,2016-05-04,0,0,1,0,0,0,0,0,1,0
977,安德森-瓦莱乔,2016-05-12,2,2,0,0,0,0,0,1,1,0
978,安德森-瓦莱乔,2016-05-19,4,0,3,1,0,0,0,1,1,0
979,安德森-瓦莱乔,2016-05-23,0,0,0,1,0,0,0,0,0,0
980,安德森-瓦莱乔,2016-05-25,0,0,0,0,0,0,0,0,1,0
981,安德森-瓦莱乔,2016-05-27,0,0,0,0,0,0,0,0,0,0
982,安德森-瓦莱乔,2016-05-29,0,0,0,1,0,0,0,0,0,0
983,安德森-瓦莱乔,2016-05-31,2,2,0,0,0,0,0,1,1,0
984,莱昂德罗-巴博萨,2016-02-23,3,2,1,0,2,0,0,1,3,1
985,莱昂德罗-巴博萨,2016-03-02,11,2,0,2,1,0,0,4,7,1
986,莱昂德罗-巴博萨,2015-12-12,6,1,0,1,0,0,1,3,6,0
987,莱昂德罗-巴博萨,2016-04-02,10,0,1,1,1,0,0,4,5,2
988,莱昂德罗-巴博萨,2015-10-28,0,2,1,5,0,1,3,0,6,0
989,莱昂德罗-巴博萨,2015-11-01,9,0,0,0,0,0,0,4,6,1
990,莱昂德罗-巴博萨,2016-03-15,9,1,0,3,0,0,1,4,6,1
991,莱昂德罗-巴博萨,2015-11-21,3,1,0,0,0,0,0,1,7,1
992,莱昂德罗-巴博萨,2016-01-21,12,2,0,1,2,0,1,5,7,0
993,莱昂德罗-巴博萨,2015-12-03,2,2,0,0,0,0,0,1,4,0
994,莱昂德罗-巴博萨,2015-12-26,0,0,0,1,0,0,0,0,2,0
995,莱昂德罗-巴博萨,2016-01-19,8,4,0,1,2,0,0,3,6,0
996,莱昂德罗-巴博萨,2016-06-03,11,0,0,1,0,0,0,5,5,1
997,莱昂德罗-巴博萨,2016-06-06,10,1,1,2,1,0,0,5,7,0
998,莱昂德罗-巴博萨,2016-06-09,8,2,0,0,2,1,0,2,5,0
999,莱昂德罗-巴博萨,2016-06-14,3,0,0,0,0,0,2,1,3,1
1000,莱昂德罗-巴博萨,2016-06-17,14,2,1,1,0,0,1,4,6,2
1001,莱昂德罗-巴博萨,2016-06-20,3,0,0,0,0,0,0,1,2,1
1002,莱昂德罗-巴博萨,2016-01-28,6,2,0,1,0,0,0,2,3,0
1003,莱昂德罗-巴博萨,2016-03-19,5,2,0,1,0,1,0,2,5,1
1004,莱昂德罗-巴博萨,2016-03-26,5,1,1,0,0,1,0,2,5,1
1006,莱昂德罗-巴博萨,2015-11-07,6,1,1,2,1,0,2,2,6,1
1007,莱昂德罗-巴博萨,2015-11-23,7,3,0,1,1,0,1,3,6,1
1008,莱昂德罗-巴博萨,2016-01-14,5,1,0,2,0,0,1,1,3,1
1009,莱昂德罗-巴博萨,2015-11-10,10,3,0,0,2,0,0,4,6,2
1010,莱昂德罗-巴博萨,2016-01-17,2,0,1,2,0,0,1,1,7,0
1017,莱昂德罗-巴博萨,2015-10-31,5,2,0,2,3,0,1,2,6,1
1018,莱昂德罗-巴博萨,2015-11-03,3,2,0,0,0,1,0,1,4,1
1019,莱昂德罗-巴博萨,2015-11-05,9,1,1,0,0,0,1,4,4,0
1020,莱昂德罗-巴博萨,2015-11-08,4,3,3,1,1,0,1,2,7,0
1021,莱昂德罗-巴博萨,2015-11-12,4,4,0,0,0,0,1,2,5,0
1022,莱昂德罗-巴博萨,2015-11-18,6,1,1,0,3,0,1,2,8,0
1023,莱昂德罗-巴博萨,2015-11-25,13,1,0,1,3,0,0,6,9,1
1024,莱昂德罗-巴博萨,2015-11-28,21,2,0,3,0,1,3,8,9,5
1025,莱昂德罗-巴博萨,2015-11-29,5,1,0,2,3,0,1,1,6,1
1026,莱昂德罗-巴博萨,2015-12-01,2,1,1,2,0,0,1,1,6,0
1027,莱昂德罗-巴博萨,2015-12-06,4,0,0,1,0,0,1,2,3,0
1028,莱昂德罗-巴博萨,2015-12-07,11,1,1,2,1,1,1,4,5,3
1029,莱昂德罗-巴博萨,2015-12-13,2,0,0,0,0,0,2,1,4,0
1030,莱昂德罗-巴博萨,2015-12-17,4,3,0,0,2,1,0,2,6,0
1031,莱昂德罗-巴博萨,2015-12-19,6,0,0,0,0,0,2,2,6,0
1032,莱昂德罗-巴博萨,2015-12-24,8,1,0,2,2,0,0,4,6,0
1033,莱昂德罗-巴博萨,2016-01-15,15,2,0,0,0,0,2,5,7,1
1034,莱昂德罗-巴博萨,2016-01-23,13,0,0,1,1,0,3,5,7,0
1035,莱昂德罗-巴博萨,2016-01-26,2,1,1,1,1,0,2,1,6,0
1036,莱昂德罗-巴博萨,2016-01-31,7,3,0,3,0,0,0,3,5,1
1037,莱昂德罗-巴博萨,2016-02-01,8,1,0,2,0,0,1,2,4,1
1038,莱昂德罗-巴博萨,2016-02-04,4,2,1,0,0,0,0,1,5,0
1039,莱昂德罗-巴博萨,2016-02-07,9,1,1,5,1,0,0,4,6,1
1040,莱昂德罗-巴博萨,2016-02-10,4,0,2,0,0,0,0,2,7,0
1041,莱昂德罗-巴博萨,2016-02-11,12,0,0,1,0,1,0,5,9,0
1042,莱昂德罗-巴博萨,2016-02-20,5,1,0,1,1,0,0,1,7,0
1043,莱昂德罗-巴博萨,2016-02-21,2,0,0,0,0,0,1,1,2,0
1044,莱昂德罗-巴博萨,2016-02-25,6,0,0,1,1,0,0,3,5,0
1045,莱昂德罗-巴博萨,2016-02-26,6,0,1,1,0,0,2,3,6,0
1046,莱昂德罗-巴博萨,2016-02-28,4,0,0,0,1,0,0,2,6,0
1047,莱昂德罗-巴博萨,2016-03-04,6,2,1,1,0,0,2,2,4,0
1048,莱昂德罗-巴博萨,2016-03-07,8,1,2,0,0,0,2,4,9,0
1049,莱昂德罗-巴博萨,2016-03-08,9,1,0,2,0,0,0,4,6,1
1050,莱昂德罗-巴博萨,2016-03-10,13,2,0,0,1,0,0,6,8,1
1051,莱昂德罗-巴博萨,2016-03-12,2,1,0,0,0,0,0,0,1,0
1052,莱昂德罗-巴博萨,2016-03-13,2,2,1,2,0,1,0,0,0,0
1053,莱昂德罗-巴博萨,2016-03-17,7,2,0,4,0,0,0,2,5,0
1054,莱昂德罗-巴博萨,2016-03-20,9,1,0,4,0,0,1,2,4,2
1055,莱昂德罗-巴博萨,2016-03-22,9,1,0,1,0,0,1,4,7,0
1056,莱昂德罗-巴博萨,2016-03-24,7,0,0,1,2,0,1,2,5,1
1057,莱昂德罗-巴博萨,2016-03-28,2,0,1,5,2,0,1,1,3,0
1058,莱昂德罗-巴博萨,2016-03-30,6,3,1,2,0,0,1,2,6,0
1059,莱昂德罗-巴博萨,2016-03-31,7,0,0,1,2,0,0,3,5,1
1060,莱昂德罗-巴博萨,2016-04-04,13,1,0,4,0,0,1,6,8,1
1061,莱昂德罗-巴博萨,2016-04-06,2,0,1,1,1,0,1,1,5,0
1062,莱昂德罗-巴博萨,2016-04-08,3,0,1,0,0,0,1,1,4,1
1063,莱昂德罗-巴博萨,2016-04-10,0,0,0,0,0,0,1,0,3,0
1064,莱昂德罗-巴博萨,2016-04-14,5,1,1,5,0,1,2,2,5,1
1065,莱昂德罗-巴博萨,2016-04-17,9,0,0,1,0,0,0,4,5,1
1066,莱昂德罗-巴博萨,2016-04-19,6,1,0,0,1,0,1,3,5,0
1067,莱昂德罗-巴博萨,2016-04-22,0,0,0,1,0,0,1,0,1,0
1068,莱昂德罗-巴博萨,2016-04-25,7,1,0,0,0,0,0,3,6,1
1069,莱昂德罗-巴博萨,2016-04-28,9,3,2,2,1,0,1,4,6,1
1070,莱昂德罗-巴博萨,2016-05-02,6,0,1,0,0,0,1,2,4,1
1071,莱昂德罗-巴博萨,2016-05-04,7,0,0,3,0,0,1,3,6,1
1072,莱昂德罗-巴博萨,2016-05-08,10,0,3,2,1,0,2,5,7,0
1073,莱昂德罗-巴博萨,2016-05-10,4,2,0,1,1,0,0,1,4,0
1074,莱昂德罗-巴博萨,2016-05-12,8,0,1,0,0,0,0,2,3,0
1075,莱昂德罗-巴博萨,2016-05-17,2,1,1,0,0,0,0,1,2,0
1076,莱昂德罗-巴博萨,2016-05-19,4,2,1,1,2,0,1,2,6,0
1077,莱昂德罗-巴博萨,2016-05-23,5,0,0,0,0,0,0,2,3,1
1078,莱昂德罗-巴博萨,2016-05-25,1,0,0,0,0,0,0,0,0,0
1079,莱昂德罗-巴博萨,2016-05-27,0,0,0,0,2,0,0,0,0,0
1080,莱昂德罗-巴博萨,2016-05-29,0,0,0,0,0,0,0,0,0,0
1081,莱昂德罗-巴博萨,2016-05-31,2,0,0,1,0,0,0,1,2,0
1082,马利斯-斯贝茨,2016-02-23,2,0,0,1,0,0,2,1,4,0
1083,马利斯-斯贝茨,2016-03-02,10,1,1,0,0,1,0,3,8,2
1084,马利斯-斯贝茨,2015-12-12,3,2,0,1,0,0,0,1,4,0
1085,马利斯-斯贝茨,2016-04-02,5,0,0,3,2,1,0,2,6,1
1086,马利斯-斯贝茨,2015-10-28,9,1,4,1,0,1,2,2,7,1
1087,马利斯-斯贝茨,2015-11-01,5,2,0,1,0,1,2,2,4,0
1088,马利斯-斯贝茨,2016-03-15,14,3,3,4,1,0,3,5,11,1
1089,马利斯-斯贝茨,2016-01-21,5,0,1,0,0,0,0,2,5,1
1090,马利斯-斯贝茨,2015-12-03,6,3,0,3,0,0,0,3,7,0
1091,马利斯-斯贝茨,2016-01-05,15,0,1,1,0,1,1,7,10,0
1092,马利斯-斯贝茨,2015-12-26,0,0,0,0,1,0,1,0,1,0
1093,马利斯-斯贝茨,2016-01-19,4,0,0,1,0,0,0,1,4,0
1094,马利斯-斯贝茨,2016-06-03,0,0,0,0,0,0,0,0,2,0
1095,马利斯-斯贝茨,2016-06-06,3,0,0,0,0,0,0,1,2,1
1096,马利斯-斯贝茨,2016-06-09,5,0,0,1,0,0,0,1,4,1
1097,马利斯-斯贝茨,2016-06-11,0,0,0,0,0,0,0,0,0,0
1098,马利斯-斯贝茨,2016-06-14,0,2,1,2,1,0,2,0,6,0
1099,马利斯-斯贝茨,2016-06-17,6,0,0,1,0,0,0,2,2,2
1100,马利斯-斯贝茨,2016-06-20,0,0,2,2,0,2,0,0,2,0
1101,马利斯-斯贝茨,2015-12-31,12,0,2,3,1,0,3,5,12,0
1102,马利斯-斯贝茨,2016-01-28,8,1,2,3,0,0,1,4,9,0
1103,马利斯-斯贝茨,2016-03-19,13,2,0,5,0,1,1,6,8,1
1104,马利斯-斯贝茨,2016-03-26,5,0,0,3,1,1,0,1,4,1
1106,马利斯-斯贝茨,2015-11-07,3,0,2,4,1,0,2,1,7,0
1107,马利斯-斯贝茨,2015-11-23,4,0,1,5,0,0,0,2,4,0
1108,马利斯-斯贝茨,2016-01-03,8,0,3,5,0,0,2,3,9,0
1109,马利斯-斯贝茨,2016-01-14,1,0,2,2,1,3,0,0,5,0
1110,马利斯-斯贝茨,2015-11-10,2,0,2,1,0,0,0,1,4,0
1117,马利斯-斯贝茨,2015-10-31,14,1,2,2,0,1,0,6,11,0
1118,马利斯-斯贝茨,2015-11-03,4,1,1,7,0,0,0,2,8,0
1119,马利斯-斯贝茨,2015-11-05,7,0,0,5,0,1,1,2,7,0
1120,马利斯-斯贝茨,2015-11-08,2,0,0,0,1,0,0,1,2,0
1121,马利斯-斯贝茨,2015-11-12,0,0,0,0,1,2,3,0,3,0
1122,马利斯-斯贝茨,2015-11-18,5,0,1,1,0,0,2,2,3,0
1123,马利斯-斯贝茨,2015-11-20,4,1,2,3,0,0,1,0,3,0
1124,马利斯-斯贝茨,2015-11-25,2,0,0,2,0,0,2,1,5,0
1125,马利斯-斯贝茨,2015-11-29,13,1,2,3,0,0,0,5,12,0
1126,马利斯-斯贝茨,2015-12-01,2,0,0,1,0,0,1,1,1,0
1127,马利斯-斯贝茨,2015-12-06,5,2,0,2,0,1,4,1,4,0
1128,马利斯-斯贝茨,2015-12-07,7,0,1,1,0,0,1,3,8,0
1129,马利斯-斯贝茨,2015-12-09,0,0,0,0,0,0,0,0,0,0
1130,马利斯-斯贝茨,2015-12-13,2,0,1,1,0,0,0,1,3,0
1131,马利斯-斯贝茨,2015-12-17,11,0,2,0,0,0,2,3,7,0
1132,马利斯-斯贝茨,2015-12-19,4,0,1,2,0,0,0,2,7,0
1133,马利斯-斯贝茨,2016-01-01,3,4,0,0,0,0,2,1,4,0
1134,马利斯-斯贝茨,2016-01-06,12,2,2,8,0,1,0,4,12,0
1135,马利斯-斯贝茨,2016-01-09,8,0,1,4,2,0,3,4,7,0
1136,马利斯-斯贝茨,2016-01-12,6,0,1,0,0,0,0,3,4,0
1137,马利斯-斯贝茨,2016-01-23,3,2,0,1,0,0,0,1,3,1
1138,马利斯-斯贝茨,2016-01-26,12,2,3,4,0,1,0,4,11,2
1139,马利斯-斯贝茨,2016-01-31,6,3,2,4,0,0,0,3,7,0
1140,马利斯-斯贝茨,2016-02-01,7,2,0,5,0,0,0,2,5,1
1141,马利斯-斯贝茨,2016-02-04,8,0,3,3,0,0,0,4,9,0
1142,马利斯-斯贝茨,2016-02-07,15,2,1,1,0,1,1,6,11,1
1143,马利斯-斯贝茨,2016-02-10,15,0,0,4,0,0,2,5,9,1
1144,马利斯-斯贝茨,2016-02-11,9,0,2,3,2,1,1,4,10,0
1145,马利斯-斯贝茨,2016-02-20,10,1,4,2,0,0,0,2,8,0
1146,马利斯-斯贝茨,2016-02-21,4,0,1,0,0,0,2,2,4,0
1147,马利斯-斯贝茨,2016-02-26,14,1,1,2,0,0,1,6,8,0
1148,马利斯-斯贝茨,2016-02-28,8,1,0,1,0,0,0,4,7,0
1149,马利斯-斯贝茨,2016-03-04,10,1,0,4,0,1,0,4,5,2
1150,马利斯-斯贝茨,2016-03-07,2,1,2,1,0,1,1,1,5,0
1151,马利斯-斯贝茨,2016-03-08,2,1,0,0,0,1,1,0,2,0
1152,马利斯-斯贝茨,2016-03-10,16,4,2,3,0,0,0,6,10,1
1153,马利斯-斯贝茨,2016-03-12,1,0,0,1,0,0,0,0,3,0
1154,马利斯-斯贝茨,2016-03-13,25,0,1,8,2,1,0,10,14,0
1155,马利斯-斯贝茨,2016-03-17,13,2,1,2,0,1,2,4,8,3
1156,马利斯-斯贝茨,2016-03-20,4,0,0,1,1,0,1,2,6,0
1157,马利斯-斯贝茨,2016-03-22,8,2,1,1,0,3,0,4,6,0
1158,马利斯-斯贝茨,2016-03-24,4,1,2,3,0,2,0,1,6,1
1159,马利斯-斯贝茨,2016-03-28,17,3,3,4,0,0,2,7,10,2
1160,马利斯-斯贝茨,2016-03-30,7,1,0,2,0,1,1,3,7,0
1161,马利斯-斯贝茨,2016-03-31,4,0,1,0,0,1,3,2,4,0
1162,马利斯-斯贝茨,2016-04-04,7,3,1,2,0,0,2,2,6,1
1163,马利斯-斯贝茨,2016-04-06,6,0,1,0,0,0,2,3,5,0
1164,马利斯-斯贝茨,2016-04-08,6,1,0,1,0,0,1,2,4,0
1165,马利斯-斯贝茨,2016-04-10,6,0,3,2,0,1,1,2,7,0
1166,马利斯-斯贝茨,2016-04-11,6,0,0,5,0,2,0,2,4,0
1167,马利斯-斯贝茨,2016-04-14,12,0,1,3,2,0,0,5,9,0
1168,马利斯-斯贝茨,2016-04-17,12,1,1,4,0,0,2,5,11,0
1169,马利斯-斯贝茨,2016-04-19,9,1,1,1,0,0,1,4,6,1
1170,马利斯-斯贝茨,2016-04-22,22,0,0,4,0,1,1,7,11,3
1171,马利斯-斯贝茨,2016-04-25,7,1,1,2,0,1,1,2,5,1
1172,马利斯-斯贝茨,2016-04-28,4,0,0,2,0,1,2,2,7,0
1173,马利斯-斯贝茨,2016-05-02,6,1,1,0,0,0,1,3,7,0
1174,马利斯-斯贝茨,2016-05-04,0,1,0,0,0,1,1,0,4,0
1175,马利斯-斯贝茨,2016-05-08,0,2,0,0,0,0,0,0,2,0
1176,马利斯-斯贝茨,2016-05-10,11,2,0,3,1,0,0,3,4,3
1177,马利斯-斯贝茨,2016-05-12,5,0,0,4,0,0,0,2,7,1
1178,马利斯-斯贝茨,2016-05-17,1,0,0,0,0,0,0,0,1,0
1179,马利斯-斯贝茨,2016-05-19,13,0,0,2,0,0,2,5,6,2
1180,马利斯-斯贝茨,2016-05-23,8,0,2,1,1,1,2,2,8,1
1181,马利斯-斯贝茨,2016-05-25,5,0,2,2,0,1,2,2,7,0
1182,马利斯-斯贝茨,2016-05-27,14,0,2,0,0,0,1,4,7,1
1183,马利斯-斯贝茨,2016-05-29,0,0,1,1,0,0,1,0,4,0
1184,马利斯-斯贝茨,2016-05-31,3,0,1,0,0,0,1,1,3,1
1185,布兰登-拉什,2016-02-23,0,0,0,0,0,0,0,0,1,0
1186,布兰登-拉什,2016-03-02,3,2,1,2,1,0,0,1,6,1
1187,布兰登-拉什,2015-12-12,4,0,0,4,0,0,0,2,4,0
1188,布兰登-拉什,2016-04-02,0,0,0,2,0,1,1,0,2,0
1189,布兰登-拉什,2015-10-28,0,0,0,0,0,0,0,0,0,0
1190,布兰登-拉什,2015-11-01,5,1,0,4,1,0,0,2,2,1
1191,布兰登-拉什,2016-03-15,8,2,0,1,0,0,0,3,6,2
1192,布兰登-拉什,2016-01-21,2,1,0,0,0,0,0,1,4,0
1193,布兰登-拉什,2015-12-03,8,0,1,3,0,1,1,3,4,2
1194,布兰登-拉什,2016-01-05,10,2,0,1,0,1,0,4,7,2
1195,布兰登-拉什,2015-12-26,0,0,0,3,1,0,1,0,5,0
1196,布兰登-拉什,2016-01-19,3,1,0,3,0,0,0,1,3,1
1197,布兰登-拉什,2016-06-03,0,0,0,0,1,0,0,0,1,0
1198,布兰登-拉什,2016-06-06,0,0,0,2,0,0,1,0,0,0
1199,布兰登-拉什,2016-06-09,0,0,0,1,0,0,0,0,1,0
1200,布兰登-拉什,2016-06-14,0,0,0,1,1,1,0,0,1,0
1201,布兰登-拉什,2016-06-17,1,0,0,1,0,0,0,0,0,0
1202,布兰登-拉什,2015-12-31,3,3,0,6,1,0,1,1,7,1
1203,布兰登-拉什,2016-01-28,5,2,0,4,0,1,1,2,5,1
1204,布兰登-拉什,2016-03-19,0,1,0,2,0,1,0,0,1,0
1205,布兰登-拉什,2016-03-26,0,1,1,2,0,1,0,0,4,0
1207,布兰登-拉什,2015-11-07,0,0,0,0,0,0,0,0,1,0
1208,布兰登-拉什,2016-01-14,4,1,0,2,0,0,0,2,3,0
1209,布兰登-拉什,2016-01-17,0,0,0,0,1,0,0,0,1,0
1216,布兰登-拉什,2015-10-31,2,0,1,1,0,0,0,1,4,0
1217,布兰登-拉什,2015-11-03,2,2,0,6,0,0,2,0,5,0
1218,布兰登-拉什,2015-11-15,8,0,0,4,1,1,0,3,5,2
1219,布兰登-拉什,2015-11-20,0,1,0,1,0,0,0,0,1,0
1220,布兰登-拉什,2015-11-25,3,0,0,1,0,0,1,1,2,1
1221,布兰登-拉什,2015-11-28,4,0,1,2,1,0,1,1,4,1
1222,布兰登-拉什,2015-11-29,16,1,2,1,0,0,2,5,8,4
1223,布兰登-拉什,2015-12-01,3,0,0,2,0,0,1,1,2,1
1224,布兰登-拉什,2015-12-06,3,3,0,5,0,0,0,1,2,1
1225,布兰登-拉什,2015-12-07,3,2,0,3,0,0,0,1,2,1
1226,布兰登-拉什,2015-12-09,13,1,3,0,0,1,1,5,10,3
1227,布兰登-拉什,2015-12-13,6,0,0,1,1,1,1,2,6,1
1228,布兰登-拉什,2015-12-17,11,2,0,3,0,0,1,4,8,3
1229,布兰登-拉什,2015-12-19,10,2,2,3,0,0,0,4,7,2
1230,布兰登-拉什,2015-12-24,3,0,0,2,1,1,1,1,2,1
1231,布兰登-拉什,2015-12-29,6,1,1,2,0,1,1,2,3,2
1232,布兰登-拉什,2016-01-01,2,0,0,1,1,0,0,1,6,0
1233,布兰登-拉什,2016-01-06,8,2,2,7,1,0,0,3,8,2
1234,布兰登-拉什,2016-01-09,20,0,0,4,1,1,1,8,9,4
1235,布兰登-拉什,2016-01-10,11,1,0,2,1,1,1,4,6,3
1236,布兰登-拉什,2016-01-12,1,0,0,1,0,0,0,0,1,0
1237,布兰登-拉什,2016-01-15,7,1,1,2,1,0,2,3,7,1
1238,布兰登-拉什,2016-01-23,0,0,0,0,0,0,0,0,0,0
1239,布兰登-拉什,2016-01-26,13,3,0,2,1,0,0,5,6,3
1240,布兰登-拉什,2016-01-31,0,1,0,3,0,1,0,0,2,0
1241,布兰登-拉什,2016-02-01,3,0,0,3,0,2,0,1,3,1
1242,布兰登-拉什,2016-02-04,3,3,1,3,1,0,0,1,2,0
1243,布兰登-拉什,2016-02-07,0,0,0,0,0,0,0,0,1,0
1244,布兰登-拉什,2016-02-10,0,0,0,1,0,0,0,0,0,0
1245,布兰登-拉什,2016-02-11,5,1,0,5,0,0,0,0,1,0
1246,布兰登-拉什,2016-02-20,1,1,0,2,1,0,0,0,6,0
1247,布兰登-拉什,2016-02-21,6,3,1,4,1,1,1,3,6,0
1248,布兰登-拉什,2016-02-25,2,1,0,3,0,0,0,0,1,0
1249,布兰登-拉什,2016-02-26,3,0,0,1,0,0,0,1,1,1
1250,布兰登-拉什,2016-02-28,0,0,0,0,0,0,0,0,0,0
1251,布兰登-拉什,2016-03-04,0,0,0,2,0,0,0,0,1,0
1252,布兰登-拉什,2016-03-07,5,0,1,3,0,1,1,2,4,0
1253,布兰登-拉什,2016-03-08,11,1,0,1,0,0,1,4,7,3
1254,布兰登-拉什,2016-03-10,5,0,0,1,0,0,1,2,2,1
1255,布兰登-拉什,2016-03-12,4,1,0,3,0,0,0,1,3,1
1256,布兰登-拉什,2016-03-13,2,0,0,0,0,1,1,1,1,0
1257,布兰登-拉什,2016-03-17,7,0,0,4,1,1,1,3,8,1
1258,布兰登-拉什,2016-03-20,10,0,1,2,1,0,0,4,6,2
1259,布兰登-拉什,2016-03-22,5,0,0,3,1,0,1,2,6,1
1260,布兰登-拉什,2016-03-24,0,1,0,3,0,1,0,0,3,0
1261,布兰登-拉什,2016-03-28,5,4,0,5,0,0,1,2,2,1
1262,布兰登-拉什,2016-03-31,0,0,0,1,0,0,1,0,2,0
1263,布兰登-拉什,2016-04-04,9,1,1,3,0,1,0,3,3,3
1264,布兰登-拉什,2016-04-06,0,0,0,3,0,0,0,0,1,0
1265,布兰登-拉什,2016-04-08,3,0,0,1,0,0,0,1,1,1
1266,布兰登-拉什,2016-04-10,0,0,0,0,0,1,1,0,1,0
1267,布兰登-拉什,2016-04-11,3,0,0,4,0,0,2,1,5,1
1268,布兰登-拉什,2016-04-14,3,0,0,0,0,0,0,1,1,1
1269,布兰登-拉什,2016-04-17,0,0,0,0,0,0,0,0,2,0
1270,布兰登-拉什,2016-04-19,0,0,0,2,0,0,0,0,1,0
1271,布兰登-拉什,2016-04-25,3,0,0,1,0,1,0,1,2,1
1272,布兰登-拉什,2016-04-28,15,1,0,2,0,0,1,6,8,3
1273,布兰登-拉什,2016-05-02,0,0,0,1,0,0,0,0,1,0
1274,布兰登-拉什,2016-05-08,0,1,0,3,0,0,0,0,0,0
1275,布兰登-拉什,2016-05-19,0,0,0,1,0,0,0,0,0,0
1276,布兰登-拉什,2016-05-23,4,1,0,7,0,0,0,2,3,0
1277,布兰登-拉什,2016-05-25,0,0,0,1,0,0,0,0,0,0
1278,杰森-汤普森,2016-01-21,1,1,0,3,0,1,0,0,0,0
1279,杰森-汤普森,2015-12-03,0,0,0,4,0,1,1,0,1,0
1280,杰森-汤普森,2016-01-19,1,1,0,3,0,0,0,0,1,0
1281,杰森-汤普森,2015-12-31,4,1,1,3,0,0,0,0,2,0
1282,杰森-汤普森,2016-01-28,6,0,0,1,0,0,0,3,3,0
1284,杰森-汤普森,2015-11-07,2,0,0,1,0,0,2,1,1,0
1285,杰森-汤普森,2016-01-03,9,2,0,3,0,0,0,2,4,0
1286,杰森-汤普森,2016-01-14,4,1,1,3,0,1,0,1,4,0
1292,杰森-汤普森,2015-10-31,4,0,1,2,0,0,0,2,3,0
1293,杰森-汤普森,2015-11-03,2,2,1,3,2,1,1,1,3,0
1294,杰森-汤普森,2015-11-08,2,0,1,2,0,0,0,1,2,0
1295,杰森-汤普森,2015-11-12,2,0,0,0,0,0,0,1,1,0
1296,杰森-汤普森,2015-11-20,0,0,0,1,0,0,0,0,1,0
1297,杰森-汤普森,2015-11-25,3,3,2,0,0,1,0,1,4,0
1298,杰森-汤普森,2015-11-28,0,1,0,2,0,0,0,0,0,0
1299,杰森-汤普森,2015-11-29,0,1,1,1,0,0,0,0,2,0
1300,杰森-汤普森,2015-12-07,2,0,0,1,0,0,0,1,1,0
1301,杰森-汤普森,2015-12-13,0,0,0,0,0,1,0,0,0,0
1302,杰森-汤普森,2015-12-17,0,0,0,3,0,0,0,0,0,0
1303,杰森-汤普森,2015-12-19,2,0,0,0,0,0,0,1,1,0
1304,杰森-汤普森,2015-12-29,3,3,1,1,0,0,1,1,2,0
1305,杰森-汤普森,2016-01-06,4,0,0,3,0,1,0,2,2,0
1306,杰森-汤普森,2016-01-26,4,1,0,2,1,0,1,1,2,0
1307,杰森-汤普森,2016-01-31,2,1,0,1,0,0,1,1,1,0
1308,杰森-汤普森,2016-02-01,1,0,0,0,0,1,0,0,0,0
1309,杰森-汤普森,2016-02-11,0,1,0,0,0,0,0,0,0,0
1310,杰森-汤普森,2016-02-20,2,0,1,1,1,0,0,0,1,0
1311,杰森-汤普森,2016-02-21,0,0,0,0,0,0,0,0,0,0
