"player_id","player_name","avg_pts","avg_ast","avg_oreb","avg_dreb","avg_stl","avg_blk","avg_tov","avg_fgm","avg_fga","avg_tpm","avg_play_time","team_name","position"
1,"凯尔-科沃尔",10.12,1.64,0.13,2.66,0.49,0.31,1.03,3.57,7.66,2.42,26.13,"骑士",2.5
2,"蒂亚戈-斯普利特",4.33,0.44,0.89,1.56,0.11,0.11,0.67,1.56,3.44,0.22,8.56,"76人",5
3,"保罗-米尔萨普",17.87,3.63,1.59,6.13,1.3,0.87,2.29,6.17,13.94,1.09,33.66,"老鹰",4
4,"萨博-塞福洛沙",7.16,1.73,0.84,3.52,1.48,0.5,0.95,2.81,6.35,0.66,25.73,"老鹰",2.5
5,"杰夫-蒂格",15.29,7.78,0.39,3.66,1.24,0.39,2.63,4.9,11.07,1.1,32.44,"步行者",1
7,"丹尼斯-施罗德",17.9,6.35,0.53,2.65,0.92,0.2,3.24,6.94,15.39,1.27,31.49,"老鹰",1
8,"迈克-穆斯卡拉",6.21,1.34,1.1,2.33,0.41,0.63,0.77,2.43,4.81,0.66,17.71,"老鹰",4.5
9,"小蒂姆-哈达威",14.47,2.32,0.44,2.39,0.7,0.2,1.35,5.25,11.54,1.89,27.23,"老鹰",2
10,"埃迪-塔瓦雷斯",4,0.5,2,3.5,0,3,1,2,2.5,0,14,"骑士",5
13,"德安德鲁-本布里",2.81,0.81,0.39,1.25,0.22,0.14,0.44,1.31,2.72,0.03,10.28,"老鹰",3
14,"阿米尔-约翰逊",6.5,1.76,1.45,3.09,0.64,0.79,0.98,2.66,4.61,0.34,20.11,"凯尔特人",4
15,"约纳斯-杰雷布科",3.83,0.92,0.77,2.71,0.35,0.23,0.5,1.46,3.35,0.58,15.83,"凯尔特人",3.5
16,"埃弗里-布拉德利",16.25,2.18,1.18,4.91,1.25,0.2,1.62,6.53,14.11,1.96,33.4,"凯尔特人",2
17,"以赛亚-托马斯",28.82,5.87,0.57,2.12,0.9,0.16,2.71,8.95,19.3,3.23,33.64,"凯尔特人",1
18,"泰勒-泽勒",3.49,0.82,0.84,1.59,0.14,0.45,0.39,1.53,3.1,0,10.29,"凯尔特人",5
20,"杰-克劳德",13.88,2.15,0.68,5.11,0.99,0.32,1.11,4.62,10,2.18,32.42,"凯尔特人",3.5
21,"凯利-奥利尼克",9.04,1.97,0.96,3.84,0.56,0.37,1.28,3.47,6.8,0.91,20.45,"凯尔特人",4.5
22,"马库斯-斯马特",10.57,4.62,0.99,2.89,1.57,0.42,2.01,3.41,9.47,1.19,30.43,"凯尔特人",1.5
23,"詹姆斯-杨",2.34,0.14,0.21,0.69,0.34,0.07,0.14,0.86,2,0.41,7.62,"凯尔特人",2.5
25,"特里-罗齐尔",5.54,1.74,0.54,2.51,0.61,0.11,0.64,2.04,5.57,0.77,17.15,"凯尔特人",1.5
27,"乔丹-米基",1.65,0.3,0.57,0.91,0.13,0.26,0.39,0.65,1.48,0,6.17,"凯尔特人",4
28,"杰伦-布朗",6.6,0.82,0.58,2.26,0.47,0.23,0.87,2.46,5.44,0.59,17.23,"凯尔特人",3
29,"迪米特里厄斯-杰克逊",3.33,1,0.67,0.67,0,0,0,1,1.33,0.33,5.67,"凯尔特人",1
34,"阿莱克西-阿金萨",5.31,0.31,1.18,3.31,0.49,0.59,0.79,2.28,4.56,0,15.03,"鹈鹕",5
35,"欧米尔-阿西克",2.59,0.47,1.47,3.59,0.12,0.38,0.44,0.94,2,0,15.09,"鹈鹕",5
36,"朱-霍勒迪",15.36,7.31,0.66,3.22,1.49,0.63,2.87,6.04,13.34,1.49,32.61,"鹈鹕",1.5
37,"泰瑞克-埃文斯",10.28,3.12,0.3,3.1,0.88,0.2,1.52,3.75,9.25,1.05,19.7,"国王",2.5
39,"丹特-坎宁安",6.59,0.53,0.88,3.33,0.59,0.44,0.42,2.64,5.45,1.08,24.98,"鹈鹕",3.5
40,"卢克-巴比特",4.76,0.51,0.19,1.88,0.32,0.16,0.37,1.66,4.13,1.28,15.69,"热火",3.5
42,"安东尼-戴维斯",28.33,2.08,2.38,9.57,1.3,2.21,2.39,10.49,20.62,0.53,36,"鹈鹕",4.5
43,"詹姆斯-恩尼斯",6.7,1,1.09,2.98,0.72,0.3,0.92,2.28,5.03,0.8,23.48,"灰熊",2.5
44,"蒂姆-弗雷泽",7.17,5.15,0.49,2.12,0.83,0.09,1.58,2.52,6.23,0.62,23.43,"鹈鹕",1
45,"巴迪-希尔德",10.56,1.46,0.44,2.85,0.46,0.12,1.23,3.99,9.35,1.8,22.96,"国王",2
46,"谢赫-迪亚洛",5.12,0.24,1.35,2.94,0.24,0.41,0.41,2.12,4.47,0,11.53,"鹈鹕",4
47,"迈克-邓利维",5.19,0.98,0.34,1.85,0.28,0.13,0.53,1.75,4.15,1,15.89,"老鹰",2.5
48,"何塞-卡尔德隆",3.36,2.1,0.36,1.38,0.26,0.02,0.98,1.31,3.19,0.48,12.83,"老鹰",1
49,"罗宾-洛佩斯",10.36,1,3.01,3.4,0.22,1.46,1.11,4.72,9.57,0,28.07,"公牛",5
50,"泰-吉布森",10.85,0.94,2.01,4.22,0.56,0.88,1.36,4.68,9.08,0.04,25.49,"雷霆",4
51,"吉米-巴特勒",23.66,5.45,1.68,4.45,1.88,0.4,2.06,7.44,16.31,1.18,36.71,"公牛",2.5
52,"托尼-斯内尔",8.54,1.2,0.28,2.81,0.69,0.18,0.68,3.08,6.78,1.8,29.2,"雄鹿",2.5
53,"道格-麦克德莫特",8.97,0.89,0.32,2.41,0.2,0.08,0.58,3.36,7.55,1.17,22.83,"雷霆",3
54,"斯潘塞-丁威迪",7.28,3.1,0.43,2.28,0.75,0.4,1.13,2.27,5.08,0.63,22.35,"篮网",1
55,"尼古拉-米罗蒂奇",10.63,1.09,0.86,4.6,0.76,0.8,1.13,3.69,8.91,1.84,24.01,"公牛",3.5
56,"博比-波蒂斯",6.83,0.53,1.17,3.41,0.25,0.17,0.58,2.86,5.86,0.5,15.64,"公牛",4.5
57,"杰里安-格兰特",5.87,1.9,0.27,1.49,0.76,0.13,0.7,2.03,4.78,0.78,16.33,"公牛",1.5
58,"克里斯蒂亚诺-费利西奥",4.78,0.6,1.85,2.78,0.39,0.27,0.51,1.94,3.34,0,15.64,"公牛",5
59,"登泽尔-瓦伦丁",5.18,1.14,0.19,2.47,0.53,0.12,0.88,1.82,5.14,1.28,17.3,"公牛",2.5
60,"保罗-齐普泽",5.45,0.82,0.34,2.5,0.34,0.39,0.93,2,5.02,0.75,19.09,"公牛",3
61,"斯宾瑟-霍伊斯",6.36,1.53,0.74,2.89,0.3,0.57,0.92,2.53,5.23,0.47,15.04,"雄鹿",5
62,"肯巴-沃克",22.96,5.5,0.56,3.39,1.09,0.25,2.1,8.07,18.2,3.01,34.54,"黄蜂",1
63,"迈克尔-基德-吉尔克里斯特",9.17,1.4,1.91,5.04,0.98,0.91,0.69,3.64,7.62,0.01,29.07,"黄蜂",3
64,"杰里米-兰姆",9.73,1.19,0.5,3.74,0.44,0.39,0.65,3.65,7.94,0.66,18.42,"黄蜂",2.5
65,"科迪-泽勒",10.31,1.6,2.18,4.35,0.94,1.02,1.05,4.08,7.15,0,27.79,"黄蜂",4.5
67,"特洛伊-丹尼尔斯",8.22,0.67,0.31,1.16,0.31,0.03,0.67,2.76,7.4,2.06,17.72,"灰熊",1.5
68,"弗兰克-卡明斯基",11.65,2.15,0.76,3.77,0.65,0.48,1.01,4.27,10.69,1.55,26.08,"黄蜂",4.5
70,"马拉奇-理查德森",3.59,0.5,0.14,0.91,0.23,0.05,0.36,1.27,3.09,0.36,9,"国王",2
71,"邓台-琼斯",9,1,1,1,0,0,1,3,8,0,12,"骑士",2.5
73,"钱宁-弗莱",9.14,0.61,0.51,3.42,0.43,0.51,0.72,3.22,7.04,1.85,18.93,"骑士",4.5
74,"凯文-乐福",19.03,1.95,2.48,8.65,0.87,0.4,2.03,6.17,14.45,2.42,31.45,"骑士",4.5
75,"凯里-欧文",25.18,5.93,0.74,2.45,1.19,0.33,2.47,9.3,19.62,2.51,34.88,"骑士",1
76,"特里斯坦-汤普森",8.08,0.99,3.71,5.53,0.5,1.09,0.83,3.36,5.6,0,29.96,"骑士",5
77,"伊曼-香珀特",7.46,1.43,0.53,2.37,0.83,0.36,1.03,2.64,6.43,1.24,25.49,"骑士",2
78,"马修-戴拉维多瓦",7.59,4.71,0.3,1.67,0.67,0.01,1.76,2.74,7.03,1.04,26.16,"雄鹿",1
81,"凯-费尔德",4.02,1.39,0.07,0.9,0.44,0.17,0.76,1.51,3.85,0.17,9.41,"骑士",1
82,"德文-哈里斯",6.72,2.09,0.17,1.78,0.66,0.09,0.88,2.09,5.23,0.89,16.75,"小牛",1.5
83,"德克-诺维茨基",14.24,1.52,0.43,6.07,0.56,0.7,0.94,5.48,12.56,1.46,26.31,"小牛",4.5
84,"何塞-巴里亚",10.89,5.51,0.26,2.11,0.4,0.03,1.8,4.06,9.8,1.51,22,"小牛",1.5
85,"贾维尔-麦基",6.13,0.22,1.29,1.86,0.26,0.87,0.52,2.7,4.14,0,9.6,"勇士",5
86,"韦斯利-马修斯",13.51,2.88,0.29,3.32,1.01,0.22,1.4,4.56,11.6,2.38,34.18,"小牛",2.5
88,"德怀特-鲍威尔",6.79,0.64,1.25,2.82,0.79,0.53,0.46,2.55,4.95,0.28,17.49,"小牛",4.5
89,"贾斯廷-安德森",7.09,0.88,0.92,2.37,0.56,0.29,0.88,2.48,5.81,0.77,16.37,"76人",2.5
90,"萨拉赫-梅杰里",2.92,0.18,1.32,2.92,0.44,0.85,0.55,1.21,1.88,0.01,12.4,"小牛",5
91,"AJ-哈蒙斯",2.18,0.18,0.36,1.32,0.05,0.59,0.45,0.77,1.91,0.23,7.27,"小牛",5
92,"贾米尔-尼尔森",9.16,5.13,0.36,2.16,0.71,0.11,1.72,3.57,8.05,1.41,27.32,"掘金",1
93,"威尔森-钱德勒",15.73,2.01,1.48,4.99,0.75,0.45,1.59,6.1,13.23,1.55,30.9,"掘金",3
94,"达尼罗-加里纳利",18.17,2.16,0.62,4.49,0.68,0.24,1.27,5.32,11.9,2,33.87,"掘金",3.5
95,"肯尼思-法里德",9.62,0.9,2.92,4.59,0.7,0.66,0.95,3.74,6.82,0,21.31,"掘金",4
96,"威尔-巴顿",13.67,3.43,0.98,3.37,0.75,0.5,1.62,4.92,11.12,1.45,28.42,"掘金",2.5
97,"若弗雷-洛韦尔涅",5.36,1,1.01,2.57,0.34,0.09,0.79,2.11,4.79,0.47,14.04,"公牛",4
98,"优素福-努尔基奇",10.18,1.83,2.42,4.75,0.75,1.15,2.2,4.17,8.2,0,21.45,"开拓者",5
99,"加里-哈里斯",14.93,2.84,0.88,2.32,1.25,0.14,1.33,5.61,11.16,1.88,31.26,"掘金",2
100,"尼古拉-约基奇",16.73,4.92,2.92,6.9,0.81,0.73,2.34,6.77,11.74,0.62,27.85,"掘金",4.5
102,"伊曼纽尔-穆迪埃",10.96,3.96,0.55,2.73,0.76,0.24,2.22,3.78,10.02,1.02,25.65,"掘金",1
103,"阿克塞尔-唐佩恩",2.75,0,0,0.25,0.25,0.25,0,1.25,2.25,0.25,12.25,"鹈鹕",2.5
104,"马利克-比斯利",3.95,0.52,0.24,0.57,0.33,0,0.38,1.57,3.48,0.43,7.86,"掘金",1
105,"胡安-埃尔南戈麦斯",5,0.49,0.7,2.34,0.46,0.23,0.51,1.66,3.66,0.75,13.79,"掘金",3.5
108,"乔尔-安东尼",1.39,0.17,0.44,1.28,0.11,0.33,0.22,0.56,0.89,0,6.83,"马刺",4.5
109,"马库斯-莫里斯",13.99,2.03,1,3.67,0.66,0.32,1.1,5.33,12.77,1.49,32.49,"活塞",3.5
110,"托拜厄斯-哈里斯",16.11,1.72,0.77,4.3,0.73,0.48,1.13,6.23,12.96,1.33,31.29,"活塞",3.5
111,"雷吉-杰克逊",14.46,5.21,0.4,1.79,0.67,0.1,2.19,5.46,13.02,1.27,27.4,"活塞",1
112,"安德烈-德拉蒙德",13.62,1.1,4.26,9.53,1.53,1.1,1.9,5.95,11.21,0.02,29.73,"活塞",5
113,"阿隆-贝恩斯",4.87,0.43,1.48,2.96,0.23,0.53,0.67,1.91,3.72,0,15.51,"活塞",5
114,"肯塔维厄斯-考德威尔-波普",13.78,2.54,0.72,2.53,1.17,0.16,1.13,4.87,12.21,2.01,33.28,"活塞",2
115,"雷吉-布洛克",4.7,0.93,0.43,1.73,0.6,0.1,0.33,1.8,4.23,0.93,15.3,"活塞",2.5
118,"斯坦利-约翰逊",4.4,1.35,0.47,1.99,0.73,0.31,0.92,1.68,4.74,0.58,17.84,"活塞",3
119,"达伦-希利亚德",3.34,0.89,0.05,0.82,0.29,0.05,0.74,1.24,3.32,0.32,10,"活塞",2
120,"亨利-埃伦森",3.16,0.37,0.42,1.74,0.05,0.05,0.74,1.21,3.37,0.53,7.63,"活塞",4
121,"迈克尔-贝纳杰",0.44,0.22,0.22,0.11,0,0,0,0.11,1.11,0,3.44,"活塞",3
122,"肖恩-利文斯顿",5.12,1.82,0.38,1.64,0.47,0.28,0.8,2.28,4.13,0.01,17.7,"勇士",1.5
123,"安德烈-伊格达拉",7.55,3.43,0.67,3.36,1.01,0.5,0.76,2.88,5.45,0.84,26.33,"勇士",2.5
125,"斯蒂芬-库里",25.25,6.61,0.78,3.7,1.8,0.22,2.98,8.54,18.24,4.11,33.33,"勇士",1
126,"克莱-汤普森",22.2,2.09,0.63,3.05,0.82,0.49,1.62,8.22,17.54,3.42,33.73,"勇士",2
127,"哈里森-巴恩斯",19.22,1.48,1.22,3.84,0.85,0.18,1.3,7.58,16.2,0.99,35.51,"小牛",3.5
129,"德雷蒙德-格林",10.1,6.97,1.29,6.58,2.05,1.38,2.42,3.55,8.51,1.05,32.36,"勇士",4.5
130,"伊恩-克拉克",6.84,1.14,0.3,1.3,0.51,0.1,0.73,2.74,5.62,0.79,14.77,"勇士",1.5
131,"詹姆斯-迈克尔-麦卡杜",2.88,0.37,0.67,1.12,0.35,0.59,0.37,1.22,2.31,0.04,8.98,"勇士",4
132,"凯文-卢尼",2.55,0.55,0.83,1.51,0.26,0.32,0.32,1.06,2.02,0.04,8.4,"勇士",4
133,"达米安-琼斯",1.9,0,0.9,1.4,0.1,0.5,0.6,0.8,1.6,0,8.6,"勇士",5
134,"帕特里克-麦考",4.03,1.11,0.31,1.14,0.46,0.2,0.51,1.51,3.5,0.59,15.39,"勇士",2.5
135,"特雷沃-阿里扎",11.69,2.19,0.68,5.04,1.84,0.25,0.94,4.08,9.95,2.38,34.66,"火箭",3.5
136,"科里-布鲁尔",4.52,1.2,0.38,1.65,0.74,0.23,0.67,1.79,4.24,0.33,15.65,"湖人",2.5
137,"迈克尔-比斯利",9.43,0.95,0.71,2.77,0.52,0.52,1.18,3.86,7.23,0.32,16.68,"雄鹿",3
138,"詹姆斯-哈登",28.88,11.2,1.15,7.01,1.49,0.45,5.76,8.27,18.79,3.24,36.41,"火箭",1.5
139,"帕特里克-贝弗利",9.54,4.21,1.42,4.49,1.46,0.37,1.49,3.4,8.1,1.64,30.67,"火箭",1
140,"多纳塔斯-莫蒂埃尤纳斯",4.41,1,0.82,2.24,0.53,0.32,0.88,1.68,4.06,0.32,14.09,"鹈鹕",4.5
142,"克林特-卡佩拉",12.58,0.98,2.74,5.37,0.52,1.22,1.35,5.57,8.65,0,23.91,"火箭",5
143,"KJ-麦克丹尼尔斯",4.34,0.26,0.32,1.36,0.36,0.38,0.6,1.64,3.57,0.43,10.6,"篮网",2.5
144,"萨姆-德克尔",6.55,0.97,1.25,2.44,0.49,0.29,0.53,2.64,5.58,0.78,18.44,"火箭",3.5
145,"蒙特雷兹-哈勒尔",9.09,1.1,1.41,2.36,0.34,0.72,0.76,3.88,5.95,0.02,18.41,"火箭",4.5
147,"齐纳努-欧努阿库",2.8,0.6,0.4,1.6,0.6,0.2,0.8,1,1.4,0,10,"火箭",5
148,"CJ-迈尔斯",10.72,0.63,0.39,2.61,0.61,0.34,0.54,3.7,8.51,2.22,23.41,"步行者",2.5
149,"蒙塔-埃利斯",8.51,3.2,0.26,2.47,1.04,0.36,1.82,3.34,7.53,0.58,27,"步行者",2
151,"乔治-希尔",16.92,4.14,0.47,2.94,1,0.22,1.73,5.9,12.35,1.92,31.53,"爵士",1
152,"乔丹-希尔",2,0,1.33,1,0.17,0,0.67,0.83,2.17,0,7.83,"森林狼",4.5
153,"保罗-乔治",23.51,3.34,0.76,5.82,1.58,0.34,2.86,8.26,17.96,2.57,35.66,"步行者",3.5
154,"拉沃伊-阿伦",2.9,0.93,1.74,1.89,0.34,0.38,0.48,1.26,2.75,0,14.23,"步行者",4.5
155,"格伦-罗宾逊三世",6.09,0.68,0.83,2.74,0.61,0.3,0.54,2.29,4.91,0.72,20.67,"步行者",2.5
157,"拉基姆-克里斯马斯",2.15,0.15,1,1.11,0.11,0.22,0.3,0.7,1.56,0,8.04,"步行者",4
158,"迈尔斯-特纳",14.48,1.33,1.7,5.52,0.89,2.15,1.3,5.48,10.74,0.49,31.4,"步行者",5
159,"约瑟夫-杨",2.12,0.47,0.03,0.5,0.12,0,0.16,0.81,2.25,0.16,4.28,"步行者",1.5
160,"卡里斯-勒韦尔",8.21,1.93,0.42,2.86,0.88,0.12,1.04,3,6.67,1.04,21.63,"篮网",2.5
162,"保罗-皮尔斯",3.24,0.4,0.04,1.88,0.16,0.2,0.64,1.12,2.8,0.6,11.12,"快船",3
163,"克里斯-保罗",18.1,9.25,0.69,4.33,1.95,0.13,2.41,6.13,12.87,2.03,31.49,"快船",1
164,"JJ-雷迪克",15.04,1.41,0.15,2.03,0.72,0.17,1.26,5.08,11.42,2.58,28.19,"快船",2
165,"德安德鲁-乔丹",12.62,1.2,3.62,10,0.62,1.63,1.43,5.06,7.1,0,31.49,"快船",5
166,"布雷克-格里芬",21.57,4.9,1.82,6.33,0.95,0.41,2.3,7.85,15.92,0.62,34.07,"快船",4
169,"戴蒙德-斯通",1.43,0,0.14,0.71,0,0.14,0.29,0.43,1.86,0,3.57,"快船",5
170,"布赖斯-约翰逊",1.33,0.33,0.33,0.67,0.67,0.33,0.33,0.67,2.33,0,3.33,"快船",4
172,"路易斯-威廉姆斯",17.52,2.96,0.32,2.19,0.99,0.25,1.96,5.27,12.32,2.01,24.59,"火箭",1.5
173,"尼克-杨",13.18,0.97,0.42,1.87,0.65,0.23,0.6,4.53,10.52,2.83,25.93,"湖人",2.5
174,"瑞安-凯利",1.56,0.5,0.06,1.06,0.25,0.31,0.25,0.5,1.75,0.25,6.94,"老鹰",4
175,"朱利叶斯-兰德尔",13.18,3.57,2.04,6.54,0.66,0.5,2.35,5.09,10.47,0.23,28.81,"湖人",4.5
176,"乔丹-克拉克森",14.67,2.6,0.57,2.41,1.09,0.11,2,5.8,13.02,1.43,29.23,"湖人",1.5
177,"塔里克-布莱克",5.72,0.57,2.13,2.99,0.43,0.64,0.88,2.24,4.37,0.01,16.27,"湖人",4.5
178,"丹吉洛-拉塞尔",15.62,4.79,0.51,3.03,1.38,0.27,2.78,5.57,13.76,2.14,28.79,"湖人",1
179,"小拉里-南斯",7.16,1.54,1.92,3.95,1.3,0.63,0.89,3.03,5.78,0.16,22.86,"湖人",4
182,"布兰登-英格拉姆",9.37,2.1,0.76,3.25,0.63,0.46,1.47,3.49,8.7,0.7,28.86,"湖人",3.5
183,"伊维察-祖巴茨",7.47,0.79,1.05,3.08,0.37,0.89,0.79,3.32,6.24,0,16.08,"湖人",5
185,"约什-麦克罗伯茨",4.86,2.27,1.09,2.32,0.45,0.18,1.05,2,5.32,0.59,17.32,"热火",4.5
186,"戈兰-德拉季奇",20.32,5.81,0.84,2.99,1.23,0.18,2.89,7.32,15.42,1.6,33.7,"热火",1
187,"泰勒-约翰逊",13.73,3.19,0.7,3.3,1.15,0.62,1.25,4.89,11.27,1.27,29.84,"热火",1.5
188,"贾斯蒂斯-温斯洛",10.89,3.61,1.28,3.94,1.5,0.33,1.83,4.44,12.72,0.39,34.83,"热火",3.5
189,"约什-理查德森",10.17,2.62,0.64,2.51,1.15,0.75,1.23,3.81,9.62,1.42,30.47,"热火",2.5
190,"布里安特-韦伯",3.1,1.1,0.4,0.85,0.65,0.05,0.4,1.25,3,0.05,10.3,"黄蜂",1
191,"格雷格-门罗",11.74,2.3,2.05,4.51,1.11,0.46,1.74,4.78,8.96,0,22.48,"雄鹿",5
192,"约翰-亨森",6.76,0.98,1.59,3.48,0.52,1.41,0.93,2.74,5.34,0,19.38,"雄鹿",5
193,"迈尔斯-普拉姆利",2.51,0.47,0.82,1.31,0.4,0.29,0.67,0.98,2.04,0,10.8,"黄蜂",4.5
194,"克里斯-米德尔顿",14.69,3.38,0.41,3.79,1.41,0.24,2.24,5.17,11.48,1.55,30.76,"雄鹿",2.5
195,"扬尼斯-阿德托昆博",22.99,5.37,1.8,6.91,1.67,1.85,2.88,8.27,15.73,0.6,35.43,"雄鹿",3.5
196,"迈克尔-卡特-威廉姆斯",6.6,2.51,0.53,2.84,0.84,0.53,1.47,2.49,6.8,0.33,18.78,"公牛",1
197,"贾巴里-帕克",20.1,2.78,1.55,4.61,0.96,0.43,1.82,7.82,15.96,1.27,33.9,"雄鹿",4
199,"约翰尼-奥布莱恩特三世",3.8,0.6,0.9,1,0,0.1,0.6,1.5,3,0.3,8.1,"黄蜂",4
200,"泰勒-恩尼斯",4.38,1.63,0.19,0.69,0.5,0.04,0.85,1.73,4,0.52,11.27,"湖人",1
201,"拉沙德-沃恩",3.46,0.56,0.1,1.1,0.51,0.24,0.34,1.39,3.8,0.63,11.17,"雄鹿",1.5
202,"马尔科姆-布罗格登",10.23,4.25,0.63,2.17,1.12,0.16,1.49,3.87,8.44,1.04,26.39,"雄鹿",1.5
203,"索恩-梅克",4.04,0.38,0.7,1.34,0.2,0.46,0.3,1.48,3.23,0.5,10.09,"雄鹿",5
204,"赛迪斯-杨",11,1.62,1.8,4.27,1.51,0.39,1.3,4.89,9.3,0.61,30.28,"步行者",4
205,"布鲁克-洛佩斯",20.52,2.35,1.59,3.8,0.49,1.67,2.45,7.4,15.64,1.79,29.69,"篮网",5
206,"威利-里德",5.27,0.37,1.83,2.86,0.23,0.68,0.45,2.28,4.01,0.01,14.48,"热火",5
208,"博扬-波格丹诺维奇",13.74,1.38,0.47,2.98,0.41,0.09,1.62,4.64,10.43,1.78,25.68,"奇才",2.5
209,"肖恩-基尔帕特里克",13.1,2.26,0.31,3.69,0.66,0.09,1.94,4.34,10.49,1.5,25.07,"篮网",1.5
210,"朗戴-霍利斯-杰弗森",8.65,1.97,1.23,4.58,1.08,0.56,1.47,3.01,6.94,0.19,22.59,"篮网",3.5
211,"克里斯-麦卡洛",2.25,0.12,0.56,0.69,0.12,0.12,0.19,1,2,0.06,5.12,"奇才",4
212,"以赛亚-怀特黑德",7.44,2.63,0.42,2.05,0.59,0.48,1.96,2.79,6.95,0.6,22.53,"篮网",1.5
215,"里基-卢比奥",11.15,9.07,0.92,3.17,1.69,0.13,2.61,3.48,8.65,0.8,32.91,"森林狼",1
216,"沙巴兹-穆罕默德",9.9,0.45,1.09,1.74,0.28,0.08,0.73,3.69,7.69,0.63,19.42,"森林狼",2.5
217,"戈尔吉-吉昂",9.95,1.94,2.28,5.62,1.07,1.16,1.33,4.05,8.05,0.2,32.39,"森林狼",4.5
218,"扎克-拉文",18.91,2.98,0.4,3,0.87,0.21,1.81,6.94,15.09,2.55,37.23,"森林狼",1.5
219,"阿德里安-佩恩",3.5,0.39,0.5,1.33,0.44,0.39,0.44,1.28,3,0.17,7.44,"森林狼",4
220,"安德鲁-威金斯",23.57,2.32,1.23,2.78,0.99,0.34,2.29,8.65,19.11,1.26,37.2,"森林狼",3
221,"达米扬-鲁代日",1.86,0.45,0.14,0.45,0.27,0.02,0.2,0.7,2,0.45,7.09,"魔术",3
222,"卡尔-安东尼-唐斯",25.13,2.68,3.62,8.62,0.72,1.26,2.59,9.78,18.05,1.23,36.99,"森林狼",5
223,"泰厄斯-琼斯",3.73,2.77,0.18,1.02,0.84,0.09,0.68,1.34,3.23,0.46,13.79,"森林狼",1
224,"内马尼亚-别利察",6.2,1.22,0.92,2.88,0.6,0.32,0.91,2.32,5.49,0.86,18.29,"森林狼",3.5
226,"CJ-沃特森",4.53,1.85,0.24,1.18,0.71,0.03,0.76,1.55,4,0.52,16.31,"魔术",1.5
227,"赛尔吉-伊巴卡",14.85,0.94,1.63,5.16,0.52,1.57,1.33,5.96,12.44,1.57,30.68,"猛龙",4.5
228,"约迪-米克斯",9.08,1.25,0.14,2,0.94,0.11,1,2.86,7.11,1.56,20.58,"魔术",2
229,"尼古拉-武切维奇",14.61,2.79,2.33,8.04,1.03,1,1.57,6.44,13.77,0.31,28.83,"魔术",5
230,"安德鲁-尼科尔森",2.56,0.26,0.38,1.18,0.41,0.15,0.44,1.1,2.85,0.13,8.77,"篮网",4
231,"埃文-富尼耶",17.16,2.96,0.66,2.41,0.99,0.06,2.07,6,13.65,1.88,32.85,"魔术",2.5
232,"德维恩-戴德蒙",5.09,0.59,1.68,4.82,0.53,0.86,0.8,2.12,3.41,0,17.5,"马刺",5
233,"沙巴兹-内皮尔",4.27,1.31,0.16,1.02,0.65,0.04,0.8,1.43,3.63,0.67,10.1,"开拓者",1
234,"阿龙-戈登",12.74,1.88,1.44,3.6,0.81,0.51,1.12,4.91,10.8,0.96,28.75,"魔术",3.5
235,"埃尔弗里德-佩顿",12.76,6.45,1.1,3.66,1.05,0.49,2.18,5.24,11.1,0.49,29.48,"魔术",1
237,"马里奥-海佐尼亚",4.88,0.95,0.31,1.95,0.45,0.2,0.89,1.8,5.08,0.66,14.75,"魔术",2
238,"斯蒂芬-齐默尔曼",1.55,0.25,0.55,1.3,0.1,0.25,0.2,0.65,1.85,0,6.4,"魔术",4
239,"卡梅罗-安东尼",22.25,2.83,0.84,5.03,0.84,0.4,2.03,8.08,18.64,2.04,34.15,"尼克斯",3.5
240,"德里克-罗斯",18.03,4.42,1.02,2.81,0.69,0.27,2.3,7.19,15.27,0.2,32.56,"尼克斯",1
241,"凯尔-奥奎因",6.28,1.48,1.99,3.54,0.47,1.33,0.96,2.72,5.23,0.03,15.56,"尼克斯",5
242,"贾斯汀-霍勒迪",7.67,1.26,0.33,2.44,0.82,0.39,0.8,2.84,6.56,1.18,19.94,"尼克斯",2.5
244,"兰斯顿-加洛韦",7.8,1.24,0.37,1.71,0.64,0.08,0.61,2.76,7.27,1.6,19.92,"国王",1.5
245,"克里斯塔普斯-波尔津吉斯",18.12,1.47,1.7,5.45,0.71,1.95,1.79,6.71,14.91,1.7,32.82,"尼克斯",4.5
246,"泰森-钱德勒",8.45,0.64,3.3,8.15,0.72,0.53,1.43,3.26,4.85,0,27.66,"太阳",5
247,"PJ-塔克",6.67,1.22,1.43,4.33,1.46,0.22,0.8,2.46,5.94,0.86,27.58,"猛龙",3
248,"埃里克-布莱索",21.06,6.35,0.79,4.09,1.38,0.47,3.36,6.8,15.71,1.58,33,"太阳",1
249,"布兰登-奈特",11.02,2.39,0.44,1.8,0.52,0.09,1.63,3.87,9.7,0.83,21.04,"太阳",1.5
251,"亚历克斯-莱恩",7.96,0.57,1.99,4.58,0.47,1.29,1.32,2.99,6,0.04,20.25,"太阳",4.5
252,"阿奇-古德温",7.33,1.6,0.47,1.4,0.27,0.33,0.93,2.4,4.4,0.33,14.2,"篮网",1.5
253,"TJ-沃伦",14.41,1.14,1.89,3.26,1.15,0.59,0.88,6.11,12.32,0.39,31.05,"太阳",3.5
254,"德文-布克",22.13,3.44,0.6,2.6,0.92,0.26,3.1,7.77,18.33,1.88,35.04,"太阳",2
255,"阿兰-威廉姆斯",7.52,0.5,2.04,4.26,0.61,0.74,0.85,3,5.8,0,15.33,"太阳",5
256,"马基斯-克里斯",9.18,0.72,1.18,3.06,0.82,0.85,1.32,3.46,7.71,0.88,21.22,"太阳",4
257,"泰勒-尤利斯",7.4,3.77,0.35,1.27,0.78,0.08,1.28,3.07,7.3,0.35,18.77,"太阳",1
262,"纳伦斯-诺埃尔",8.73,0.98,1.86,3.94,1.25,1,1,3.61,6.08,0,20.47,"小牛",5
263,"罗伯特-科温顿",12.9,1.54,1.36,5.12,1.87,1.03,1.94,4.36,10.94,2.04,31.61,"76人",3
264,"尼克-斯陶斯卡斯",9.45,2.35,0.25,2.55,0.57,0.39,1.6,3.14,7.91,1.65,27.4,"76人",2
265,"乔尔-恩比德",20.23,2.13,1.97,5.84,0.87,2.42,3.77,6.45,13.84,1.16,25.35,"76人",5
266,"杰拉米-格兰特",5.46,0.57,0.46,2.11,0.42,0.96,0.55,1.9,4.1,0.54,19.15,"雷霆",3.5
267,"贾利尔-奥卡福",11.8,1.16,1.64,3.18,0.38,1,1.8,4.84,9.42,0,22.7,"76人",5
268,"里乔恩-霍姆斯",9.81,1,1.61,3.77,0.74,0.95,0.93,4.04,7.23,0.47,20.88,"76人",5
269,"TJ-麦康奈尔",6.86,6.6,0.47,2.6,1.68,0.12,1.98,2.91,6.32,0.14,26.4,"76人",1
270,"克里斯蒂安-伍德",2.69,0.15,1.08,1.15,0.23,0.46,0.54,0.92,1.77,0,8.15,"黄蜂",5
273,"蒂莫泰-卢瓦乌-卡巴罗",6.45,1.07,0.38,1.78,0.45,0.14,1.07,2.1,5.22,0.72,17.23,"76人",2.5
275,"鲁迪-盖伊",18.73,2.73,1.17,5.13,1.5,0.87,2.47,6.7,14.73,1.4,33.77,"国王",3.5
276,"马科-贝里内利",10.54,2,0.19,2.22,0.59,0.12,0.95,3.57,8.31,1.38,24.03,"黄蜂",2.5
277,"科斯塔-库佛斯",6.62,0.65,1.66,4.04,0.48,0.68,0.86,3.04,5.52,0,19.93,"国王",5
278,"欧米-卡斯比",5.17,1.03,0.75,2.36,0.67,0.08,0.81,2.14,4.58,0.42,17.92,"森林狼",3.5
279,"达伦-科里森",13.24,4.59,0.35,1.94,1.01,0.13,1.66,5,10.5,1.07,30.41,"国王",1
280,"德马库斯-考辛斯",26.64,4.56,2.07,8.84,1.38,1.3,3.68,8.88,19.64,1.81,33.81,"鹈鹕",5
281,"塞思-库里",12.83,2.69,0.36,2.19,1.13,0.09,1.31,4.83,10.03,1.96,29.01,"小牛",1.5
282,"本-麦克勒摩",8.11,0.84,0.31,1.79,0.48,0.1,1.02,2.95,6.87,1.07,19.3,"国王",2
284,"威利-考利-斯坦",8.15,1.07,1.13,3.35,0.69,0.61,0.92,3.4,6.41,0,18.88,"国王",4.5
286,"斯卡尔-拉比西埃",8.76,0.82,1.52,3.33,0.48,0.36,1.15,3.55,6.58,0.09,18.55,"国王",4
287,"乔治斯-帕帕扬尼斯",5.64,0.91,1.14,2.82,0.14,0.77,1.09,2.55,4.64,0,16.14,"国王",5
289,"艾尔-法鲁克-阿米奴",8.58,1.61,1.24,6.03,0.97,0.73,1.52,2.95,7.52,1.13,28.63,"开拓者",4
290,"埃德-戴维斯",4.35,0.59,2.09,3.2,0.33,0.48,0.8,1.63,3.09,0,17.09,"开拓者",4.5
291,"达米安-利拉德",26.99,5.84,0.61,4.28,0.93,0.25,2.61,8.81,19.84,2.85,35.89,"开拓者",1
292,"迈耶斯-伦纳德",5.42,0.96,0.36,2.82,0.16,0.38,0.5,1.97,5.12,1,16.55,"开拓者",5
293,"莫里斯-哈克利斯",10.04,1.16,1.62,2.79,1.08,0.88,1.12,4.08,8.12,0.88,28.82,"开拓者",3.5
294,"梅森-普拉姆利",10.4,3.51,2.12,5.42,0.86,1.15,1.67,4.12,7.72,0,26.53,"掘金",5
295,"CJ-麦科勒姆",22.96,3.58,0.75,2.92,0.9,0.56,2.15,8.65,18.02,2.31,34.85,"开拓者",1.5
296,"阿伦-克拉布",10.7,1.16,0.24,2.59,0.68,0.25,0.78,3.84,8.19,1.7,28.61,"开拓者",2.5
297,"诺阿-冯莱",4.42,0.42,1.76,3.49,0.42,0.36,0.86,1.76,3.65,0.09,17.12,"开拓者",4.5
298,"帕特-康诺顿",2.51,0.72,0.26,1.08,0.15,0.05,0.41,0.95,1.85,0.44,8.15,"开拓者",2.5
301,"杰克-莱曼",2.29,0.32,0.18,0.53,0.24,0.09,0.32,0.76,2.62,0.38,7.41,"开拓者",4
302,"尼克-科里森",1.65,0.6,0.45,1.05,0.1,0.1,0.15,0.7,1.15,0,6.4,"雷霆",4.5
303,"艾森-伊利亚索瓦",13.09,1.68,1.41,4.48,0.72,0.3,1.41,4.68,10.84,1.73,26.13,"老鹰",3.5
304,"拉塞尔-威斯布鲁克",31.7,10.34,1.72,8.93,1.66,0.38,5.34,10.24,23.98,2.52,34.41,"雷霆",1
305,"安东尼-莫罗",5.65,0.52,0.25,0.4,0.48,0.04,0.15,2.04,5.23,0.85,14.81,"公牛",2.5
306,"埃内斯-坎特",14.35,0.93,2.72,3.99,0.43,0.54,1.71,5.58,10.24,0.07,21.31,"雷霆",4.5
307,"凯尔-辛格勒",2.84,0.29,0.26,1.29,0.23,0.19,0.35,1.1,2.68,0.23,12.39,"雷霆",3
308,"迪昂-韦特斯",15.85,4.37,0.39,2.93,0.87,0.43,2.24,6.11,14.41,1.85,30.09,"热火",2.5
309,"维克托-奥拉迪波",15.93,2.63,0.58,3.75,1.15,0.33,1.78,6.15,13.87,1.9,33.21,"雷霆",2
310,"史蒂文-亚当斯",11.31,1.07,3.51,4.14,1.09,0.99,1.84,4.67,8.18,0,29.88,"雷霆",5
311,"安德烈-罗伯森",6.61,1,1.24,3.85,1.19,1.03,0.65,2.72,5.86,0.57,30.13,"雷霆",2.5
313,"乔什-休斯蒂斯",7,1.5,2,2.5,0,2,0,3,5.5,1,15.5,"雷霆",3
314,"卡梅伦-佩恩",5.16,1.77,0.1,1.45,0.45,0.16,0.97,2.06,6.23,0.87,14.97,"公牛",1
315,"多曼塔斯-萨博尼斯",5.91,1,0.56,2.99,0.48,0.41,1.05,2.37,5.94,0.63,20.14,"雷霆",4
317,"伯瑞斯-迪奥",4.63,2.33,0.63,1.53,0.25,0.12,1.19,2,4.48,0.27,17.63,"爵士",4.5
319,"托尼-帕克",10.13,4.52,0.16,1.63,0.54,0.03,1.41,4.21,9.03,0.37,25.21,"马刺",1
320,"拉马库斯-阿尔德里奇",17.26,1.93,2.43,4.9,0.64,1.21,1.36,6.94,14.57,0.32,32.43,"马刺",4.5
321,"帕蒂-米尔斯",9.49,3.49,0.3,1.48,0.82,0.04,1.26,3.41,7.78,1.84,21.93,"马刺",1
322,"丹尼-格林",7.31,1.82,0.46,2.79,1.06,0.84,1.1,2.59,6.59,1.74,26.56,"马刺",2.5
323,"科怀-伦纳德",25.23,3.48,1.07,4.67,1.75,0.72,2.04,8.51,17.53,1.96,33.24,"马刺",3
324,"凯尔-安德森",3.46,1.28,0.46,2.48,0.72,0.37,0.55,1.31,2.94,0.21,14.38,"马刺",3
325,"博班-马里亚诺维奇",5.62,0.26,1.35,2.47,0.18,0.35,0.29,2.12,3.88,0,8.59,"活塞",5
326,"乔纳森-西蒙斯",6.19,1.62,0.26,1.79,0.6,0.32,0.97,2.27,5.4,0.38,17.9,"马刺",2.5
327,"德章泰-默里",3.61,1.36,0.17,1,0.22,0.14,1.06,1.39,3.22,0.25,8.86,"马刺",1
329,"马尔钦-戈塔特",10.77,1.5,2.89,7.4,0.45,0.8,1.44,4.76,8.22,0,31.24,"奇才",5
330,"约翰-沃尔",23,10.54,0.73,3.53,2.06,0.63,4.11,8.27,18.29,1.13,36.16,"奇才",1
331,"马基夫-莫里斯",13.99,1.67,1.42,5.05,1.08,0.58,1.71,5.34,11.67,0.93,31.21,"奇才",4
332,"布拉德利-比尔",23.1,3.45,0.68,2.4,1.12,0.27,2.03,8.27,17.18,2.9,34.92,"奇才",2
333,"奥托-波特",13.44,1.51,1.46,4.96,1.45,0.51,0.52,5.17,10.05,1.85,32.51,"奇才",3
335,"凯利-乌布雷",6.34,0.61,0.78,2.53,0.71,0.23,0.62,2.35,5.61,0.68,20.37,"奇才",3
336,"德里克-费沃斯",9.52,1.1,1.88,4.22,0.88,0.8,1.2,4.06,8.34,0.06,23.76,"爵士",4.5
337,"戈登-海沃德",21.74,3.43,0.66,4.68,1.04,0.27,1.89,7.42,15.7,2.01,34.27,"爵士",2.5
339,"亚历克-伯克斯",6.74,0.71,0.4,2.45,0.43,0.12,0.83,2.36,5.9,0.6,15.62,"爵士",2
340,"谢尔文-麦克",7.82,2.8,0.36,1.96,0.78,0.04,1.64,3.09,6.95,0.67,21.89,"爵士",1
341,"杰夫-威西",2.96,0.14,1.06,1.41,0.33,0.65,0.31,1.12,2.1,0,8.8,"爵士",5
342,"特雷-伯克",5,1.77,0.12,0.7,0.19,0.09,0.84,2.04,4.46,0.54,12.32,"奇才",1
343,"鲁迪-戈贝尔",14.04,1.21,3.86,8.91,0.62,2.64,1.83,5.1,7.69,0,33.79,"爵士",5
344,"丹特-埃克萨姆",6.24,1.67,0.48,1.55,0.33,0.18,1.21,2.35,5.52,0.67,18.64,"爵士",1.5
345,"罗德尼-胡德",12.68,1.63,0.27,3.15,0.64,0.19,1.12,4.61,11.27,1.93,26.97,"爵士",2
346,"乔-英格尔斯",7.09,2.76,0.28,2.9,1.15,0.1,1.3,2.49,5.5,1.5,24.09,"爵士",3
347,"特雷-莱尔斯",6.2,0.99,0.68,2.62,0.37,0.28,0.89,2.24,6.18,0.92,16.34,"爵士",4
348,"劳尔-内托",2.65,0.85,0.12,0.68,0.52,0.12,0.42,1.07,2.42,0.25,8.88,"爵士",1
350,"托里恩-普林斯",5.68,0.9,0.42,2.22,0.75,0.44,1.05,1.93,4.85,0.56,16.64,"老鹰",3
352,"乔尔-博伦博伊",1.85,0.15,0.38,1.23,0.08,0.23,0.15,0.77,1.31,0.08,4.54,"爵士",4
354,"扎克-兰多夫",14.08,1.67,2.51,5.68,0.52,0.15,1.37,5.93,13.18,0.29,24.48,"灰熊",4.5
355,"托尼-阿伦",9.06,1.38,2.34,3.21,1.61,0.41,1.41,3.86,8.38,0.21,27,"灰熊",2.5
356,"文斯-卡特",8.03,1.82,0.49,2.6,0.82,0.49,0.68,2.64,6.71,1.53,24.67,"灰熊",2.5
357,"布兰登-赖特",6.75,0.54,1.07,1.68,0.39,0.71,0.36,2.96,4.82,0,15.96,"灰熊",4.5
358,"马克-加索尔",19.41,4.63,0.84,5.44,0.91,1.33,2.23,7.16,15.56,1.39,33.96,"灰熊",5
359,"杰迈克尔-格林",8.95,1.1,2.16,4.87,0.6,0.44,1.22,3.25,6.47,0.71,27.31,"灰熊",4
361,"贾雷尔-马丁",3.93,0.19,1,2.86,0.43,0.21,0.67,1.38,3.62,0.21,13.21,"灰熊",4
363,"德扬泰-戴维斯",1.61,0.06,0.56,1.11,0.11,0.47,0.22,0.67,1.31,0,6.64,"灰熊",4
364,"韦德-鲍德温",3.56,1.94,0.32,1.09,0.56,0.21,1.32,1.21,3.5,0.12,12.79,"灰熊",1
367,"凯尔-洛瑞",22.34,6.84,0.8,3.98,1.48,0.33,2.87,7.1,15.2,3.25,37.1,"猛龙",1
368,"德马雷-卡罗尔",8.86,1.03,0.89,2.96,1.12,0.39,0.75,3.06,7.64,1.51,26.18,"猛龙",3.5
369,"帕特里克-帕特森",6.85,1.18,0.95,3.52,0.65,0.35,0.58,2.37,5.91,1.45,24.63,"猛龙",4
370,"约纳斯-瓦兰丘纳斯",11.99,0.71,2.86,6.67,0.48,0.8,1.32,4.89,8.79,0.01,25.84,"猛龙",5
371,"科里-约瑟夫",9.25,3.33,0.62,2.29,0.86,0.14,1.36,3.74,8.25,0.6,25.06,"猛龙",1.5
372,"特伦斯-罗斯",11,1.13,0.23,2.44,1.13,0.42,0.87,4.18,9.58,1.82,25.05,"魔术",2.5
373,"布鲁诺-卡博克洛",1.75,0.5,0.62,0.62,0.25,0.12,0.25,0.75,2,0.25,5,"猛龙",3
374,"卢卡斯-诺盖拉",4.6,0.76,1.47,2.93,0.89,1.64,0.84,1.87,2.84,0.05,19.84,"猛龙",4.5
375,"德朗-赖特",5.56,2.11,0.56,1.19,1,0.44,0.89,1.81,4.26,0.37,16.63,"猛龙",1
376,"诺曼-鲍威尔",8.37,1.07,0.34,1.86,0.66,0.18,0.92,2.99,6.67,0.74,18,"猛龙",2.5
377,"雅各布-珀尔特尔",3.06,0.22,1.44,1.61,0.33,0.37,0.56,1.24,2.13,0,11.56,"猛龙",5
378,"帕斯卡尔-西亚卡姆",4.16,0.31,1.15,2.2,0.47,0.82,0.6,1.87,3.73,0.02,15.64,"猛龙",4
379,"JR-史密斯",8.56,1.46,0.41,2.34,1,0.27,0.63,3,8.68,2.32,28.98,"骑士",2
380,"詹姆斯-琼斯",2.87,0.3,0.07,0.76,0.15,0.22,0.22,0.96,1.98,0.67,8.24,"骑士",2.5
381,"勒布朗-詹姆斯",26.36,8.63,1.29,7.29,1.21,0.57,4.08,9.95,18.15,1.69,37.53,"骑士",3.5
382,"季莫费-莫兹戈夫",7.43,0.8,1.96,2.98,0.3,0.59,1.33,3.13,6.07,0,20.48,"湖人",5
383,"理查德-杰弗森",5.67,0.97,0.35,2.19,0.34,0.13,0.67,1.94,4.34,0.78,20.47,"骑士",3
386,"乔-哈里斯",8.23,1.04,0.31,2.52,0.58,0.15,1.06,2.96,6.94,1.63,21.92,"篮网",2
389,"肯特-贝兹莫尔",10.97,2.42,0.62,2.49,1.26,0.73,1.68,4.04,9.9,1.26,26.89,"老鹰",2.5
390,"艾尔-霍弗德",14,4.96,1.4,5.4,0.79,1.29,1.69,5.57,11.75,1.26,32.34,"凯尔特人",5
394,"埃里克-戈登",16.23,2.49,0.39,2.32,0.64,0.51,1.61,5.49,13.52,3.28,30.96,"火箭",2.5
397,"诺里斯-科尔",3.31,1.08,0,0.85,0.62,0,0.54,1.23,4,0.23,9.54,"雷霆",1.5
398,"莱恩-安德森",13.64,0.96,1.56,2.99,0.44,0.19,0.78,4.5,10.75,2.85,29.36,"火箭",4.5
406,"大卫-韦斯特",4.65,2.24,0.69,2.26,0.63,0.69,1.16,1.99,3.71,0.04,12.57,"勇士",4
409,"马努-吉诺比利",7.49,2.65,0.43,1.86,1.17,0.22,1.39,2.48,6.36,1.29,18.77,"马刺",2
414,"扎扎-帕楚里亚",6.09,1.89,2,3.79,0.83,0.47,1.27,2.34,4.37,0,18.09,"勇士",5
416,"莫里斯-恩多尔",3.06,0.25,0.72,1.31,0.47,0.22,0.44,1.22,2.62,0.03,10.44,"尼克斯",3.5
420,"德维恩-韦德",18.27,3.82,1.07,3.45,1.4,0.7,2.3,6.9,15.93,0.75,29.88,"公牛",2
421,"洛尔-邓",7.46,1.3,1.11,4.04,0.82,0.35,0.75,2.88,7.46,0.89,26.04,"湖人",3
424,"杰拉德-格林",5.57,0.7,0.36,1.45,0.19,0.15,0.55,2.02,4.96,0.83,11.47,"凯尔特人",2.5
429,"迈克-康利",20.51,6.26,0.45,3.1,1.33,0.28,2.26,6.72,14.62,2.48,33.26,"灰熊",1
430,"杰夫-格林",9.25,1.16,0.55,2.51,0.55,0.22,1.09,3.19,8.09,0.77,22.2,"魔术",3.5
431,"考特尼-李",10.84,2.32,0.7,2.68,1.05,0.29,0.9,4.17,9.17,1.4,31.95,"尼克斯",2
432,"马特-巴恩斯",7.12,2.64,0.95,4.2,0.64,0.35,1.45,2.5,6.41,1.18,24.05,"勇士",3.5
433,"本诺-尤德里",6.31,3.67,0.17,1.42,0.36,0,1.03,2.56,5.47,0.31,15.58,"活塞",1
437,"安东尼-托利弗",7.09,1.18,0.78,2.83,0.49,0.31,0.86,2.38,5.4,1.38,22.78,"国王",4
438,"萨沙-武贾西奇",2.95,1.24,0.26,1.07,0.33,0.05,0.38,1,3.24,0.55,9.71,"尼克斯",2
439,"兰斯-托马斯",5.98,0.76,0.7,2.48,0.43,0.11,0.54,2.11,5.3,0.83,21.04,"尼克斯",3.5
440,"德里克-威廉姆斯",6.08,0.56,0.36,2.22,0.28,0.16,0.58,2.16,4.86,0.6,16.06,"骑士",4
441,"尼古拉斯-巴图姆",15.12,5.91,0.62,5.66,1.14,0.4,2.51,5.1,12.66,1.75,34,"黄蜂",2.5
443,"马文-威廉姆斯",11.17,1.39,1.17,5.33,0.76,0.72,0.79,3.91,9.26,1.63,30.26,"黄蜂",4
444,"艾尔-杰弗森",8.11,0.86,1.14,3.08,0.26,0.26,0.5,3.56,7.11,0,14.12,"步行者",5
445,"林书豪",14.53,5.08,0.31,3.44,1.14,0.39,2.39,4.86,11.11,1.61,24.5,"篮网",1
446,"哈桑-怀特塞德",17.03,0.74,3.83,10.32,0.73,2.12,2,7.05,12.64,0,32.68,"热火",5
448,"乔-约翰逊",9.17,1.85,0.41,2.69,0.45,0.23,0.9,3.5,8,1.36,23.62,"爵士",3.5
449,"韦恩-艾灵顿",10.45,1.13,0.29,1.85,0.58,0.08,0.47,3.73,8.95,2.4,24.13,"热火",2
452,"托马斯-罗宾逊",5.13,0.66,1.79,2.96,0.57,0.21,0.98,2.23,4.17,0,11.89,"湖人",4.5
454,"伊斯梅尔-史密斯",9.36,5.17,0.25,2.62,0.77,0.41,1.37,4.06,9.23,0.35,24.17,"活塞",1
455,"克里斯-亨弗里斯",4.59,0.52,1.09,2.61,0.27,0.38,0.52,1.55,3.84,0.34,12.3,"老鹰",4.5
456,"内内",9.09,0.97,1.4,2.76,0.81,0.61,1.07,3.66,5.93,0.04,17.88,"火箭",5
457,"贾里德-杜德利",6.78,1.89,0.47,3.02,0.66,0.25,1.12,2.45,5.41,1.2,21.31,"太阳",3.5
459,"拉蒙-塞申斯",6.24,2.58,0.22,1.26,0.48,0.06,0.92,2,5.26,0.42,16.2,"黄蜂",1.5
460,"加莱特-坦普尔",7.78,2.58,0.49,2.34,1.29,0.43,1.2,2.82,6.65,1.26,26.57,"国王",1.5
464,"埃文-特纳",9.02,3.15,0.55,3.23,0.85,0.37,1.52,3.62,8.48,0.48,25.48,"开拓者",2.5
465,"大卫-李",7.38,1.55,1.86,3.71,0.41,0.5,1.04,3.18,5.37,0,18.91,"马刺",4.5
466,"特雷沃-布克",9.99,1.94,2.03,6.06,1.04,0.41,1.76,4.3,8.31,0.35,24.75,"篮网",4
467,"拉简-隆多",7.8,6.65,1.07,4.13,1.45,0.16,2.43,3.32,8.13,0.72,26.74,"公牛",1
468,"昆西-埃西",5.89,0.49,0.51,2.57,0.38,0.38,0.57,1.86,4.57,0.97,15.08,"篮网",4.5
470,"凯文-杜兰特",25.02,4.94,0.68,7.62,1.1,1.57,2.19,8.89,16.54,1.89,33.32,"勇士",3.5
471,"DJ-奥古斯丁",7.9,2.69,0.19,1.32,0.4,0.01,1.15,2.5,6.63,1.22,19.72,"魔术",1
472,"德马尔-德罗赞",27.15,3.95,0.95,4.28,1.01,0.17,2.47,9.72,20.8,0.44,35.27,"猛龙",2.5
474,"俾斯麦-比永博",5.96,0.91,1.98,5.07,0.3,1.11,1.19,2.21,4.21,0,22.23,"魔术",5
476,"罗伊-希伯特",4.6,0.46,1.12,2.06,0.17,1,0.67,1.67,3.06,0,14.25,"掘金",5
477,"布兰登-巴斯",5.62,0.4,0.85,1.62,0.27,0.21,0.58,2.06,3.58,0.02,11.04,"快船",4
478,"梅塔-沃尔德皮斯",2.38,0.46,0.21,0.62,0.42,0.08,0.29,0.79,2.83,0.38,6.71,"湖人",3.5
479,"德隆-威廉姆斯",10.95,5.61,0.22,2.08,0.5,0.12,2.14,4.11,9.39,1.33,25.91,"骑士",1
480,"雷蒙德-费尔顿",6.72,2.4,0.41,2.31,0.82,0.28,1.02,2.76,6.42,0.57,21.27,"快船",1
481,"钱德勒-帕森斯",6.18,1.62,0.18,2.29,0.59,0.18,0.71,2.21,6.53,0.74,19.85,"灰熊",3
482,"犹多尼斯-哈斯勒姆",1.94,0.38,0.5,1.75,0.31,0.06,0.5,0.69,1.44,0,8.19,"热火",4
483,"以赛亚-卡南",4.69,0.95,0.15,1.1,0.56,0.03,0.51,1.64,4.56,0.64,15.64,"公牛",1
485,"杰森-史密斯",5.68,0.5,0.88,2.62,0.28,0.73,0.78,2.35,4.46,0.5,14.42,"奇才",4.5
486,"杰拉德-亨德森",9.19,1.56,0.47,2.11,0.57,0.19,0.9,3.25,7.65,0.85,23.18,"76人",2
487,"阿隆-阿弗拉罗",8.44,1.28,0.16,1.9,0.38,0.11,0.69,3.03,6.87,1.02,25.89,"国王",2.5
488,"伊安-马辛米",5.58,0.65,1.52,3.32,1.1,0.77,1.13,2.1,3.55,0,17.94,"奇才",5
489,"所罗门-希尔",7.04,1.76,0.62,3.16,0.9,0.39,1.02,2.29,5.95,1.18,29.69,"鹈鹕",3
491,"德怀特-霍华德",13.54,1.39,4,8.69,0.89,1.23,2.3,5.24,8.3,0,29.66,"老鹰",5
492,"泰-劳森",9.87,4.86,0.64,1.99,1.07,0.09,1.88,3.43,7.57,0.49,25.12,"国王",1
493,"杰森-特里",4.15,1.34,0.2,1.24,0.59,0.27,0.49,1.42,3.28,0.99,18.46,"雄鹿",1.5
494,"保罗-加索尔",12.38,2.36,1.66,6.17,0.38,1.11,1.27,4.73,9.44,0.88,25.42,"马刺",5
495,"伊托万-摩尔",9.59,2.22,0.45,1.63,0.7,0.45,0.85,3.88,8.51,1.05,24.88,"鹈鹕",1.5
496,"阿隆-布鲁克斯",5.03,1.95,0.28,0.8,0.39,0.14,1.02,1.89,4.69,0.75,13.92,"步行者",1
497,"布莱恩-罗伯茨",3.46,1.29,0.12,0.85,0.22,0.02,0.63,1.12,2.98,0.41,10.05,"黄蜂",1
501,"米尔扎-泰莱托维奇",6.44,0.69,0.16,2.17,0.17,0.19,0.53,2.23,5.97,1.49,16.26,"雄鹿",4
503,"达雷尔-亚瑟",6.39,1.02,0.61,2.1,0.49,0.51,0.88,2.32,5.24,1.29,15.63,"掘金",4.5
504,"兰迪-弗耶",5.17,1.96,0.14,2.1,0.51,0.13,1.16,1.71,4.71,0.97,18.64,"篮网",1.5
505,"迈克-米勒",1.4,1.1,0.15,1.8,0.1,0,0.65,0.45,1.15,0.4,7.65,"掘金",2.5
506,"卢克-理查德-巴莫特",6.05,0.49,0.57,1.6,1.01,0.44,0.59,2.39,4.72,0.54,22.31,"快船",3.5
507,"贾马尔-克劳福德",12.29,2.6,0.21,1.35,0.74,0.16,1.62,4.38,10.61,1.41,26.34,"快船",2.5
508,"韦斯利-约翰逊",2.74,0.32,0.38,2.26,0.43,0.46,0.26,1.07,2.96,0.43,12.03,"快船",2.5
509,"奥斯汀-里弗斯",12.01,2.73,0.27,1.91,0.66,0.14,1.57,4.36,9.88,1.5,27.78,"快船",1.5
511,"科尔-阿尔德里奇",1.69,0.4,0.81,1.73,0.42,0.39,0.26,0.73,1.39,0,8.63,"森林狼",5
514,"莱昂德罗-巴博萨",6.25,1.21,0.25,1.33,0.46,0.12,0.72,2.57,5.87,0.52,14.36,"太阳",1.5
515,"马利斯-斯贝茨",8.67,0.83,1.09,3.48,0.27,0.5,0.87,2.98,6.67,1.26,15.67,"快船",4.5
516,"布兰登-拉什",4.19,0.96,0.36,1.77,0.45,0.47,0.6,1.49,4,0.94,21.94,"森林狼",2.5
517,"兰斯-史蒂芬森",6.78,3.28,0.28,2.72,0.28,0.17,1.44,3,6.67,0.33,20.11,"步行者",1.5
521,"杰里-贝勒斯",11,4.33,1,3,0,0,3,3.67,10.67,0.67,23.67,"76人",1.5
523,"罗尼-普莱斯",1,1.29,0.21,0.57,0.79,0.07,0.21,0.29,1.71,0.21,9.64,"太阳",1.5
524,"阿兰-安德森",2.87,0.37,0.1,0.7,0.1,0,0.23,1,2.67,0.47,10.3,"快船",2.5
531,"凯文-塞拉芬",4.89,0.49,0.87,2.09,0.15,0.4,0.62,2.3,4.17,0,11.85,"步行者",4.5
542,"詹姆斯-约翰逊",12.83,3.63,0.87,4.09,0.99,1.11,2.26,4.84,10.11,1.14,27.45,"热火",4
550,"乔金-诺阿",5.04,2.24,3.48,5.2,0.65,0.8,1.26,2.15,4.35,0,22.04,"尼克斯",5
551,"布兰登-詹宁斯",7.12,4.85,0.35,2.05,0.85,0.06,1.58,2.37,6.59,0.98,22.25,"奇才",1
554,"乔恩-洛伊尔",10.25,1.47,1.37,4.03,0.41,0.36,0.89,4.15,8.63,0.65,25.91,"活塞",4
560,"乔丹-克劳福德",13.95,3.05,0.21,1.58,0.58,0.11,1.32,5.47,11.42,1.95,23.26,"鹈鹕",1.5
568,"伊莱贾-米尔萨普",1.5,0.5,1.5,1.5,0,0,1,0.5,3.5,0,11.5,"太阳",2.5
601,"奎因-库克",6.08,2,0.08,0.46,0.31,0,1,2.54,5,0.85,14.46,"鹈鹕",1
642,"特雷韦恩-格雷厄姆",2.11,0.22,0.19,0.63,0.22,0.04,0.11,0.7,1.48,0.33,6.93,"黄蜂",2
643,"乔治-尼昂",0.95,0.23,0.09,0.68,0.14,0,0.23,0.41,1.64,0.05,4.23,"步行者",4
644,"马尔科姆-德莱尼",5.36,2.66,0.15,1.58,0.53,0.01,1.3,1.99,5.3,0.36,17.08,"老鹰",1.5
646,"多里安-芬尼-史密斯",4.38,0.84,0.7,2.08,0.65,0.3,0.56,1.55,4.17,0.7,20.52,"小牛",3.5
648,"尼古拉斯-布鲁西诺",3,0.94,0.51,1.37,0.31,0.16,0.53,1.04,2.8,0.57,10.47,"小牛",2.5
650,"贾马尔-默里",9.89,2.09,0.5,2.09,0.66,0.29,1.39,3.6,8.89,1.4,21.52,"掘金",1.5
651,"罗德尼-麦格鲁德",6.35,1.6,1.18,2.1,0.58,0.23,0.73,2.42,5.88,0.94,25.19,"热火",2
652,"奥卡罗-怀特",2.88,0.62,0.76,1.68,0.29,0.29,0.53,0.97,2.56,0.35,13.79,"热火",3.5
653,"贾斯汀-汉密尔顿",6.91,0.86,1.11,2.97,0.47,0.66,0.67,2.72,5.94,0.86,18.38,"篮网",4.5
654,"克里斯-邓恩",3.76,2.41,0.31,1.81,1.01,0.46,1.14,1.51,4.01,0.27,17.06,"森林狼",1.5
655,"吉列尔莫-埃尔南戈麦斯",8.15,1.35,2.31,4.62,0.56,0.5,1.4,3.42,6.43,0.06,18.39,"尼克斯",5
656,"明道加斯-库兹明斯卡斯",6.25,1.01,0.71,1.16,0.44,0.16,0.74,2.32,5.41,0.79,15,"尼克斯",3
657,"马绍尔-普拉姆利",2,0.5,1.15,1.4,0.2,0.2,0.6,0.8,1.45,0,8.55,"尼克斯",5
658,"德拉甘-本德尔",3.4,0.53,0.56,1.86,0.26,0.51,0.74,1.33,3.74,0.65,13.35,"太阳",4
659,"塞尔希奥-罗德里格斯",7.79,5.07,0.31,2.06,0.71,0.06,1.88,3.09,7.88,1.35,22.31,"76人",1
660,"达里奥-沙里奇",12.81,2.25,1.38,4.96,0.73,0.36,2.28,4.7,11.46,1.31,26.28,"76人",4
662,"戴维斯-贝尔坦斯",4.66,0.71,0.34,1.17,0.31,0.43,0.49,1.58,3.58,1.06,12.37,"马刺",3.5
664,"托马什-萨托兰斯基",2.7,1.6,0.44,1,0.46,0.11,0.67,1.07,2.56,0.16,12.67,"奇才",1.5
665,"安德鲁-哈里森",5.97,2.78,0.33,1.58,0.71,0.29,1.18,1.64,5.03,0.6,20.47,"灰熊",1.5
666,"罗恩-贝克",4.22,2.1,0.24,1.71,0.67,0.14,1.1,1.61,4.25,0.45,16.82,"尼克斯",1.5
667,"沙松-兰德尔",5.27,1.31,0.27,1.08,0.35,0.08,0.73,1.54,3.77,0.62,11.54,"尼克斯",1
668,"蒂姆-夸特曼",1.94,0.69,0.25,0.62,0.12,0.19,0.81,0.81,1.69,0.31,5.12,"开拓者",1
669,"亚历克斯-阿夫里内斯",5.97,0.59,0.26,0.97,0.54,0.13,0.49,1.97,5.01,1.38,15.54,"雷霆",2
670,"贾罗德-尤托夫",4.44,1,0.89,1.67,0.22,0.44,0.33,1.78,4.22,0.33,12.89,"小牛",4
671,"帕特里西奥-加里诺",0,0,0.2,1.2,0,0,0.6,0,1.4,0,8.6,"魔术",2
672,"小韦恩-塞尔登",5.07,1,0.07,1.27,0.4,0.07,0.93,1.8,4.13,0.53,16.53,"灰熊",2
673,"特洛伊-威廉姆斯",5.88,0.78,0.47,1.72,0.91,0.34,1.03,2.31,5.34,0.56,17.97,"火箭",3
675,"亚历克斯-波伊思雷斯",10.67,0.83,1.83,2.83,0.5,0.17,0.5,4.17,9,1,26.17,"76人",3
697,"约吉-费雷尔",10.04,3.76,0.43,1.96,0.96,0.2,1.52,3.48,8.57,1.48,26.11,"小牛",1
704,"塞马杰-克里斯顿",2.9,2.06,0.3,1.13,0.43,0.11,0.68,1.22,3.56,0.19,15.43,"雷霆",1
706,"布林-福布斯",2.85,0.73,0.06,0.64,0.03,0,0.33,1.09,3,0.52,8.64,"马刺",1
708,"谢尔登-麦克莱伦",3,0.5,0.13,1,0.27,0.07,0.17,1,2.5,0.23,9.57,"奇才",2
709,"丹尼尔-奥谢富",1.33,0.17,0.28,0.94,0.11,0,0.17,0.67,1.5,0,4.17,"奇才",5
712,"弗雷德-范弗利特",3.24,1.06,0.12,1.12,0.52,0.06,0.45,1.18,3.33,0.33,8.91,"猛龙",1
718,"马库斯-乔治-亨特",2.8,0.6,0.2,1.6,0.2,0,0.4,0.4,1.4,0.2,9.4,"魔术",2
723,"德安德鲁-利金斯",2.63,0.95,0.35,1.54,0.84,0.25,0.74,0.95,2.47,0.3,13.61,"小牛",2.5
727,"鲍比-布朗",2.82,0.64,0,0.23,0.05,0,0.18,1.05,2.68,0.64,5.32,"火箭",1.5
728,"加里-佩顿二世",3.33,2.17,0,2,0.5,0.67,1.67,1.33,3.67,0.17,16.67,"雄鹿",2
729,"以赛亚-泰勒",0.75,0.75,0.25,0.5,0.25,0.25,0,0.25,1.75,0,13,"火箭",1
730,"凯尔-威尔哲",0.83,0.08,0.25,0.42,0.17,0.08,0.42,0.25,0.92,0.25,3.25,"火箭",4
734,"小德里克-琼斯",5.25,0.41,1.19,1.25,0.41,0.44,0.41,2.12,3.75,0.09,16.94,"太阳",3
735,"肖恩-朗",8.71,0.76,2.35,2.59,0.53,0.53,0.76,3.59,6.35,0.41,13.71,"76人",5
746,"大卫-努瓦巴",6,0.7,0.8,2.3,0.6,0.35,0.55,2.35,4.05,0.05,19.9,"湖人",2
